ID,AreaID[0],AreaID[1],AreaID[2],AreaID[3],AreaID[4],AreaID[5],NextAreaID
1,2198,0,0,0,0,0,0
6,3796,0,0,0,0,0,0
7,3703,0,0,0,0,0,0
8,3733,0,0,0,0,0,0
9,4163,0,0,0,0,0,0
10,4123,0,0,0,0,0,0
11,148,0,0,0,0,0,0
12,3994,0,0,0,0,0,0
13,4092,0,0,0,0,0,0
14,4080,0,0,0,0,0,0
15,403,0,0,0,0,0,0
16,16,0,0,0,0,0,0
17,1583,0,0,0,0,0,0
18,2017,0,0,0,0,0,0
19,367,0,0,0,0,0,0
20,28,0,0,0,0,0,0
21,2677,0,0,0,0,0,0
22,2298,0,0,0,0,0,0
23,4024,0,0,0,0,0,0
24,2158,0,0,0,0,0,0
25,139,0,0,0,0,0,0
26,3277,0,0,0,0,0,0
27,2597,0,0,0,0,0,0
28,1584,0,0,0,0,0,0
29,2717,0,0,0,0,0,0
30,2257,0,0,0,0,0,0
31,2964,0,0,0,0,0,0
32,4002,0,0,0,0,0,0
33,2057,0,0,0,0,0,0
34,1977,0,0,0,0,0,0
35,3358,0,0,0,0,0,0
36,4760,0,0,0,0,0,0
37,3419,0,0,0,0,0,0
38,3428,0,0,0,0,0,0
39,440,0,0,0,0,0,0
40,618,0,0,0,0,0,0
41,3883,0,0,0,0,0,0
42,3982,0,0,0,0,0,0
43,3456,0,0,0,0,0,0
44,1377,0,0,0,0,0,0
45,796,0,0,0,0,0,0
46,3457,0,0,0,0,0,0
47,4060,0,0,0,0,0,0
48,3524,0,0,0,0,0,0
49,3562,0,0,0,0,0,0
50,3584,0,0,0,0,0,0
51,3873,0,0,0,0,0,0
52,3521,0,0,0,0,0,0
53,2366,0,0,0,0,0,0
54,3523,0,0,0,0,0,0
55,3668,0,0,0,0,0,0
56,3547,0,0,0,0,0,0
57,3730,0,0,0,0,0,0
58,3483,0,0,0,0,0,0
59,4282,0,0,0,0,0,0
60,1939,0,0,0,0,0,0
61,3697,0,0,0,0,0,0
62,3682,0,0,0,0,0,0
63,3845,0,0,0,0,0,0
64,3789,0,0,0,0,0,0
65,4048,0,0,0,0,0,0
66,4356,0,0,0,0,0,0
67,3582,0,0,0,0,0,0
68,3822,0,0,0,0,0,0
69,3919,0,0,0,0,0,0
70,3520,0,0,0,0,0,0
71,3944,0,0,0,0,0,0
72,3519,0,0,0,0,0,0
73,3522,0,0,0,0,0,0
74,3657,0,0,0,0,0,0
75,3942,0,0,0,0,0,0
76,4809,0,0,0,0,0,0
77,3769,0,0,0,0,0,0
78,3930,0,0,0,0,0,0
79,3780,0,0,0,0,0,0
81,3790,0,0,0,0,0,0
82,3955,0,0,0,0,0,0
83,3606,0,0,0,0,0,0
84,3904,0,0,0,0,0,0
85,3758,0,0,0,0,0,0
86,3831,0,0,0,0,0,0
87,3565,0,0,0,0,0,0
88,3811,0,0,0,0,0,0
89,3607,0,0,0,0,0,0
90,4054,0,0,0,0,0,0
91,4078,0,0,0,0,0,0
92,3786,0,0,0,0,0,0
93,495,0,0,0,0,0,0
94,3864,0,0,0,0,0,0
95,4071,0,0,0,0,0,0
96,3959,0,0,0,0,0,0
97,512,0,0,0,0,0,0
98,2302,0,0,0,0,0,0
99,4001,0,0,0,0,0,0
100,4061,0,0,0,0,0,0
101,3984,0,0,0,0,0,0
102,3991,0,0,0,0,0,0
103,4055,0,0,0,0,0,0
104,3633,0,0,0,0,0,0
105,3980,0,0,0,0,0,0
106,4003,0,0,0,0,0,0
108,3537,0,0,0,0,0,0
109,4122,0,0,0,0,0,0
110,4325,0,0,0,0,0,0
111,4125,0,0,0,0,0,0
112,4144,0,0,0,0,0,0
113,4116,0,0,0,0,0,0
114,4117,0,0,0,0,0,0
115,3518,0,0,0,0,0,0
116,414,0,0,0,0,0,0
117,394,0,0,0,0,0,0
118,4226,0,0,0,0,0,0
119,4165,0,0,0,0,0,0
120,65,0,0,0,0,0,0
121,4230,0,0,0,0,0,0
122,4220,0,0,0,0,0,0
123,3711,0,0,0,0,0,0
124,4185,0,0,0,0,0,0
125,3557,1638,1497,0,0,0,0
126,4243,0,0,0,0,0,0
127,4242,0,0,0,0,0,0
128,4251,0,0,0,0,0,0
129,4175,0,0,0,0,0,0
130,4286,0,0,0,0,0,0
131,4278,0,0,0,0,0,0
132,4290,0,0,0,0,0,0
133,4284,0,0,0,0,0,0
134,66,0,0,0,0,0,0
135,4321,0,0,0,0,0,0
136,4369,0,0,0,0,0,0
137,4322,0,0,0,0,0,0
138,4323,0,0,0,0,0,0
145,4385,4290,4388,0,0,0,0
161,4360,0,0,0,0,0,0
162,4392,0,0,0,0,0,0
181,4287,4288,4289,0,0,0,0
201,4385,0,0,0,0,0,0
202,4388,0,0,0,0,0,0
221,4364,4298,4361,0,0,0,0
241,4394,4362,0,0,0,0,0
242,4343,4377,4345,4346,4351,4360,241
243,4349,4365,4350,4359,4354,4353,242
244,4342,4352,4355,4356,4347,4348,243
261,4360,0,0,0,0,0,0
262,67,0,0,0,0,0,0
281,4298,0,0,0,0,0,0
301,4460,0,0,0,0,0,0
302,4421,4461,0,0,0,0,0
303,4417,0,0,0,0,0,0
323,4024,4401,4120,4121,0,0,0
343,4315,0,0,0,0,0,0
344,4477,0,0,0,0,0,0
363,4027,4130,0,0,0,0,0
364,4027,4130,0,0,0,0,0
365,4222,0,0,0,0,0,0
366,3999,0,0,0,0,0,0
367,4394,4362,0,0,0,0,0
368,4343,4377,4345,4346,4351,4360,367
369,4355,4356,4347,4348,4349,4350,368
370,4287,4288,4289,0,0,0,0
371,4287,4288,4289,0,0,0,0
372,0,0,0,0,0,0,0
373,4197,0,0,0,0,0,0
374,4220,0,0,0,0,0,0
375,4197,0,0,0,0,0,0
376,66,0,0,0,0,0,0
377,67,0,0,0,0,0,0
378,4197,0,0,0,0,0,0
379,210,0,0,0,0,0,0
380,4417,0,0,0,0,0,0
381,4329,0,0,0,0,0,0
382,4163,0,0,0,0,0,0
383,4197,0,0,0,0,0,0
384,4183,4184,4254,4176,4161,0,0
385,4197,0,0,0,0,0,0
386,4500,0,0,0,0,0,0
387,66,0,0,0,0,0,0
388,4422,4438,4535,4437,0,0,0
389,4173,4184,4254,4174,4161,0,0
390,4197,0,0,0,0,0,0
391,4197,0,0,0,0,0,0
392,4282,0,0,0,0,0,0
393,65,0,0,0,0,0,0
394,4197,0,0,0,0,0,0
395,4197,0,0,0,0,0,0
396,3711,0,0,0,0,0,0
397,4197,0,0,0,0,0,0
398,3711,0,0,0,0,0,0
399,3711,0,0,0,0,0,0
400,4197,0,0,0,0,0,0
401,2918,0,0,0,0,0,0
402,3428,36,331,3790,1583,4,401
403,4188,4190,0,0,0,0,0
404,4188,4190,4177,4178,0,0,0
405,4476,0,0,0,0,0,0
423,4497,0,0,0,0,0,0
424,4431,4432,4473,0,0,0,0
425,4492,0,0,0,0,0,0
443,4495,0,0,0,0,0,0
463,4535,0,0,0,0,0,0
483,4438,0,0,0,0,0,0
484,4437,0,0,0,0,0,0
485,4434,0,0,0,0,0,0
486,4422,0,0,0,0,0,0
503,4484,4435,4434,4436,0,0,0
523,4431,0,0,0,0,0,0
543,4580,4506,4501,4505,4504,0,0
544,4476,4452,4431,4428,4432,4473,0
545,4439,0,0,0,0,0,0
546,4444,4463,0,0,0,0,0
547,4197,0,0,0,0,0,0
563,4542,4446,0,0,0,0,0
583,4527,4498,4496,4528,4526,4497,624
584,2362,0,0,0,0,0,0
603,4314,0,0,0,0,0,0
623,4311,66,0,0,0,0,0
624,4525,4492,4524,0,0,0,0
625,4312,4311,66,0,0,0,0
626,4525,4492,4524,0,0,0,0
627,4527,4498,4496,4528,4526,4497,626
643,4588,4531,0,0,0,0,0
663,4528,0,0,0,0,0,0
683,4527,4496,4526,4497,4524,0,0
684,4520,4597,4519,0,0,0,0
703,4495,0,0,0,0,0,0
704,4242,0,0,0,0,0,0
723,4522,0,0,0,0,0,0
724,4477,4517,0,0,0,0,0
743,4537,0,0,0,0,0,0
763,4519,0,0,0,0,0,0
783,3979,4242,0,0,0,0,0
803,4395,0,0,0,0,0,0
804,4507,0,0,0,0,0,0
823,4179,0,0,0,0,0,0
824,4521,0,0,0,0,0,0
825,4120,0,0,0,0,0,0
826,210,0,0,0,0,0,0
827,4513,0,0,0,0,0,0
843,4514,4513,0,0,0,0,0
863,4422,4535,0,0,0,0,0
883,210,3711,67,0,0,0,0
903,331,0,0,0,0,0,0
923,4466,0,0,0,0,0,0
924,4622,0,0,0,0,0,0
943,4272,4264,67,0,0,0,0
963,4495,0,0,0,0,0,0
983,4476,4452,4431,4428,4432,0,0
1003,4392,0,0,0,0,0,0
1004,4640,4641,4639,4120,0,0,0
1023,4435,4436,0,0,0,0,0
1024,4210,4196,4416,66,0,0,0
1025,4216,0,0,0,0,0,0
1043,4440,0,0,0,0,0,0
1063,4493,0,0,0,0,0,0
1083,4508,4507,0,0,0,0,0
1103,3576,222,159,186,3665,87,1123
1123,131,362,223,0,0,0,0
1143,4581,0,0,0,0,0,0
1144,4582,0,0,0,0,0,0
1145,4583,0,0,0,0,0,0
1163,4273,0,0,0,0,0,0
1183,4183,0,0,0,0,0,0
1184,4223,0,0,0,0,0,0
1203,719,0,0,0,0,0,0
1223,413,0,0,0,0,0,0
1243,437,0,0,0,0,0,0
1263,431,0,0,0,0,0,0
1283,4658,4672,4671,4670,4673,4669,0
1284,4659,0,0,0,0,0,0
1285,452,0,0,0,0,0,0
1286,445,4661,0,0,0,0,0
1303,4626,0,0,0,0,0,0
1323,431,0,0,0,0,0,0
1343,4675,0,0,0,0,0,0
1363,415,0,0,0,0,0,0
1364,4518,4522,4519,0,0,0,0
1383,4664,0,0,0,0,0,0
1403,4693,431,0,0,0,0,0
1423,4690,0,0,0,0,0,0
1443,4702,0,0,0,0,0,0
1463,1377,440,490,0,0,0,0
1483,4695,0,0,0,0,0,0
1484,426,4705,0,0,0,0,0
1503,4708,0,0,0,0,0,0
1523,415,4691,0,0,0,0,0
1543,262,0,0,0,0,0,0
1563,427,0,0,0,0,0,0
1583,261,478,0,0,0,0,0
1603,4665,4652,4650,0,0,0,0
1623,4665,4652,4650,0,0,0,0
1643,421,420,1276,4715,0,0,0
1644,4718,0,0,0,0,0,0
1663,388,0,0,0,0,0,0
1683,4723,4722,0,0,0,0,0
1703,603,0,0,0,0,0,0
1723,4766,0,0,0,0,0,0
1743,1234,0,0,0,0,0,0
1763,4742,0,0,0,0,0,0
1783,4780,0,0,0,0,0,0
1784,2406,0,0,0,0,0,0
1803,2198,604,0,0,0,0,0
1823,2405,4803,2406,4796,0,0,0
1843,4801,0,0,0,0,0,0
1863,405,2100,0,0,0,0,0
1883,4720,0,0,0,0,0,0
1903,4804,0,0,0,0,0,0
1923,1225,0,0,0,0,0,0
1943,4228,0,0,0,0,0,0
1963,4807,4818,0,0,0,0,0
1983,4782,4781,0,0,0,0,0
1984,1657,809,1537,1637,3487,1519,125
2003,1221,0,0,0,0,0,0
2023,1234,4745,0,0,0,0,0
2043,1233,1221,0,0,0,0,0
2063,1233,1221,0,0,0,0,0
2083,4821,0,0,0,0,0,0
2103,1224,0,0,0,0,0,0
2123,4800,0,0,0,0,0,0
2143,2497,4814,0,0,0,0,0
2163,4834,0,0,0,0,0,0
2183,77,800,132,0,0,0,0
2203,4813,0,0,0,0,0,0
2223,4788,0,0,0,0,0,0
2243,4765,0,0,0,0,0,0
2263,4853,0,0,0,0,0,0
2283,4778,0,0,0,0,0,0
2303,4855,0,0,0,0,0,0
2323,4730,0,0,0,0,0,0
2343,4866,4875,4865,4867,0,0,0
2363,14,0,0,0,0,0,0
2383,4863,0,0,0,0,0,0
2423,490,0,0,0,0,0,0
2443,543,0,0,0,0,0,0
2444,4881,0,0,0,0,0,0
2445,4816,4870,4871,0,0,0,0
2446,4864,0,0,0,0,0,0
2447,4075,0,0,0,0,0,0
2448,4877,0,0,0,0,0,0
2449,4867,0,0,0,0,0,0
2450,4876,0,0,0,0,0,0
2451,4853,4850,4986,0,0,0,0
2452,4812,0,0,0,0,0,0
2453,4882,4382,0,0,0,0,0
2454,542,4382,0,0,0,0,0
2455,4885,4382,0,0,0,0,0
2456,4884,4382,0,0,0,0,0
2457,4892,0,0,0,0,0,0
2461,3948,0,0,0,0,0,0
2462,4899,0,0,0,0,0,0
2463,4899,4903,4900,4902,4901,0,0
2464,983,0,0,0,0,0,0
2472,77,0,0,0,0,0,0
2473,154,0,0,0,0,0,0
2474,4911,0,0,0,0,0,0
2476,4866,4875,4865,0,0,0,0
2477,159,2118,0,0,0,0,0
2478,1537,0,0,0,0,0,0
2479,85,0,0,0,0,0,0
2480,4867,0,0,0,0,0,0
2481,1637,0,0,0,0,0,0
2482,4913,0,0,0,0,0,0
2483,4914,0,0,0,0,0,0
2484,4845,0,0,0,0,0,0
2486,4912,0,0,0,0,0,0
2489,4849,0,0,0,0,0,0
2490,1584,0,0,0,0,0,0
2491,4914,4912,0,0,0,0,0
2527,4854,0,0,0,0,0,0
2528,368,4863,4864,4865,4866,4867,2529
2529,4875,6453,0,0,0,0,0
2530,4924,0,0,0,0,0,0
2531,4411,0,0,0,0,0,0
2532,4856,4872,0,0,0,0,0
2533,4951,4924,4923,0,0,0,0
2534,4916,0,0,0,0,0,0
2535,364,363,0,0,0,0,0
2536,4856,4946,0,0,0,0,0
2538,4948,0,0,0,0,0,0
2539,3979,0,0,0,0,0,0
2540,3740,0,0,0,0,0,0
2541,4951,4954,4952,4785,4958,0,0
2542,4954,4956,0,0,0,0,0
2543,4956,0,0,0,0,0,0
2544,4979,0,0,0,0,0,0
2545,1519,0,0,0,0,0,0
2546,616,0,0,0,0,0,0
2547,4815,0,0,0,0,0,0
2548,189,0,0,0,0,0,0
2557,4988,0,0,0,0,0,0
2558,1119,0,0,0,0,0,0
2559,4990,5020,5014,5017,5021,5016,0
2560,5018,5013,4989,5015,5022,5019,2559
2561,14,0,0,0,0,0,0
2562,5012,0,0,0,0,0,0
2563,4953,5012,0,0,0,0,0
2564,5030,0,0,0,0,0,0
2565,5014,0,0,0,0,0,0
2566,5006,0,0,0,0,0,0
2567,4987,0,0,0,0,0,0
2568,5013,0,0,0,0,0,0
2569,4963,5005,4961,0,0,0,0
2570,4961,0,0,0,0,0,0
2571,5007,0,0,0,0,0,0
2572,393,368,367,0,0,0,0
2586,5006,5008,0,0,0,0,0
2588,5006,5047,0,0,0,0,0
2589,4963,0,0,0,0,0,0
2590,5018,0,0,0,0,0,0
2591,4963,5090,5089,5124,4968,4967,2608
2592,4984,0,0,0,0,0,0
2593,4991,4993,4996,4998,4995,4994,2592
2594,5050,0,0,0,0,0,0
2595,5041,0,0,0,0,0,0
2596,4953,5012,0,0,0,0,0
2597,1,721,0,0,0,0,0
2598,5041,5046,5048,5049,5025,0,0
2599,5051,4953,5012,0,0,0,0
2600,5051,5052,5012,0,0,0,0
2601,5051,0,0,0,0,0,0
2602,5064,0,0,0,0,0,0
2603,400,0,0,0,0,0,0
2604,5057,0,0,0,0,0,0
2605,4995,0,0,0,0,0,0
2606,406,0,0,0,0,0,0
2607,331,406,0,0,0,0,0
2608,5173,0,0,0,0,0,0
2609,5070,4953,0,0,0,0,0
2610,4994,0,0,0,0,0,0
2611,5054,0,0,0,0,0,0
2612,5055,0,0,0,0,0,0
2613,5027,0,0,0,0,0,0
2614,1457,0,0,0,0,0,0
2615,4932,0,0,0,0,0,0
2616,5058,0,0,0,0,0,0
2617,0,0,0,0,0,0,0
2618,5082,5080,5081,5079,5096,5078,0
2619,484,0,0,0,0,0,0
2620,4938,467,4944,4937,0,0,0
2621,4966,5173,0,0,0,0,0
2622,4962,0,0,0,0,0,0
2623,5090,5089,4967,0,0,0,0
2624,4936,4937,4938,4939,4944,0,0
2625,5051,5052,5056,0,0,0,0
2626,5056,0,0,0,0,0,0
2627,5090,0,0,0,0,0,0
2628,368,6453,0,0,0,0,0
2629,4970,4969,0,0,0,0,0
2630,4927,461,0,0,0,0,0
2631,5059,0,0,0,0,0,0
2632,4827,0,0,0,0,0,0
2633,5090,5124,4968,5173,0,0,0
2634,616,0,0,0,0,0,0
2635,5059,4953,0,0,0,0,0
2636,5059,4953,0,0,0,0,0
2637,4411,214,207,332,4815,0,0
2639,4966,5090,5089,5124,4968,4967,3071
2640,5103,0,0,0,0,0,0
2641,4938,4936,4944,0,0,0,0
2642,5115,0,0,0,0,0,0
2643,4974,0,0,0,0,0,0
2644,374,0,0,0,0,0,0
2645,5146,5145,4815,5144,0,0,0
2646,5146,0,0,0,0,0,0
2647,5711,5710,4955,0,0,0,0
2648,5507,5103,4971,5100,5104,0,0
2649,4971,0,0,0,0,0,0
2650,5068,0,0,0,0,0,0
2652,5086,0,0,0,0,0,0
2653,1440,0,0,0,0,0,0
2654,5047,5382,0,0,0,0,0
2655,5507,4971,0,0,0,0,0
2656,5102,0,0,0,0,0,0
2657,5105,5249,5106,5248,0,0,0
2658,40,0,0,0,0,0,0
2659,918,0,0,0,0,0,0
2661,5289,0,0,0,0,0,0
2662,1581,0,0,0,0,0,0
2663,33,0,0,0,0,0,0
2664,108,0,0,0,0,0,0
2665,117,0,0,0,0,0,0
2666,24,23,9,59,0,0,0
2667,374,817,0,0,0,0,0
2668,5051,4953,5052,5012,5056,0,0
2669,100,0,0,0,0,0,0
2670,2177,0,0,0,0,0,0
2671,4828,0,0,0,0,0,0
2672,5294,0,0,0,0,0,0
2673,5330,0,0,0,0,0,0
2674,44,0,0,0,0,0,0
2675,1739,0,0,0,0,0,0
2676,5136,5336,0,0,0,0,0
2677,311,0,0,0,0,0,0
2678,19,0,0,0,0,0,0
2679,33,5287,0,0,0,0,0
2680,5291,5335,0,0,0,0,0
2681,5395,5291,5335,5303,0,0,0
2682,5042,0,0,0,0,0,0
2683,5331,0,0,0,0,0,0
2684,5302,0,0,0,0,0,0
2685,297,0,0,0,0,0,0
2686,5295,0,0,0,0,0,0
2687,997,5324,0,0,0,0,0
2688,35,5721,312,1757,1759,1758,0
2690,5325,70,2099,999,0,0,0
2692,42,0,0,0,0,0,0
2693,97,999,0,0,0,0,0
2694,101,0,0,0,0,0,0
2695,99,0,0,0,0,0,0
2696,94,0,0,0,0,0,0
2697,5350,0,0,0,0,0,0
2698,5095,5389,0,0,0,0,0
2699,5357,0,0,0,0,0,0
2700,556,0,0,0,0,0,0
2701,426,4705,0,0,0,0,0
2702,5297,5299,5298,0,0,0,0
2703,5292,0,0,0,0,0,0
2704,5395,5303,0,0,0,0,0
2705,193,0,0,0,0,0,0
2706,3137,1237,0,0,0,0,0
2707,5375,0,0,0,0,0,0
2708,4714,0,0,0,0,0,0
2709,449,0,0,0,0,0,0
2710,5383,0,0,0,0,0,0
2711,17,0,0,0,0,0,0
2712,5144,0,0,0,0,0,0
2713,5047,5711,5710,4955,0,0,0
2714,4825,0,0,0,0,0,0
2715,4706,130,0,0,0,0,0
2716,16,0,0,0,0,0,0
2717,199,0,0,0,0,0,0
2718,5392,0,0,0,0,0,0
2719,5369,0,0,0,0,0,0
2720,5367,0,0,0,0,0,0
2721,203,0,0,0,0,0,0
2722,5300,0,0,0,0,0,0
2723,5394,0,0,0,0,0,0
2724,5296,0,0,0,0,0,0
2725,172,235,0,0,0,0,0
2726,5392,199,0,0,0,0,0
2727,5338,0,0,0,0,0,0
2728,5423,0,0,0,0,0,0
2729,197,0,0,0,0,0,0
2730,3197,0,0,0,0,0,0
2731,202,0,0,0,0,0,0
2732,1338,0,0,0,0,0,0
2733,5427,0,0,0,0,0,0
2734,5431,0,0,0,0,0,0
2735,4706,0,0,0,0,0,0
2736,5446,0,0,0,0,0,0
2737,2626,2619,0,0,0,0,0
2738,2620,0,0,0,0,0,0
2739,5335,0,0,0,0,0,0
2740,5349,0,0,0,0,0,0
2741,5299,0,0,0,0,0,0
2742,5437,0,0,0,0,0,0
2743,5439,0,0,0,0,0,0
2744,4706,0,0,0,0,0,0
2745,5387,0,0,0,0,0,0
2746,5420,5455,0,0,0,0,0
2747,5448,0,0,0,0,0,0
2748,2264,2265,2621,0,0,0,0
2749,5481,5480,5476,5477,5478,204,2759
2750,2268,2270,0,0,0,0,0
2751,233,0,0,0,0,0,0
2752,279,228,0,0,0,0,0
2753,2273,0,0,0,0,0,0
2754,2268,0,0,0,0,0,0
2755,233,5387,0,0,0,0,0
2756,2271,5463,0,0,0,0,0
2757,5472,0,0,0,0,0,0
2758,2277,0,0,0,0,0,0
2759,5456,5387,0,0,0,0,0
2760,196,0,0,0,0,0,0
2761,5472,5471,5475,5470,0,0,0
2762,2275,0,0,0,0,0,0
2763,2266,0,0,0,0,0,0
2764,5455,0,0,0,0,0,0
2765,4737,0,0,0,0,0,0
2766,5473,0,0,0,0,0,0
2767,4922,0,0,0,0,0,0
2768,350,0,0,0,0,0,0
2769,5322,0,0,0,0,0,0
2770,3,0,0,0,0,0,0
2771,980,0,0,0,0,0,0
2772,5484,5485,5487,5483,5486,5506,0
2773,5487,0,0,0,0,0,0
2774,5486,0,0,0,0,0,0
2775,339,5519,0,0,0,0,0
2776,5519,0,0,0,0,0,0
2777,5460,0,0,0,0,0,0
2778,5526,0,0,0,0,0,0
2779,345,0,0,0,0,0,0
2780,5503,5584,5667,5474,5563,5473,0
2781,5563,5473,0,0,0,0,0
2782,5474,0,0,0,0,0,0
2783,5251,5247,5106,5248,0,0,0
2784,5250,5252,5105,5144,5249,4955,2783
2785,5563,0,0,0,0,0,0
2786,5141,0,0,0,0,0,0
2787,75,5460,0,0,0,0,0
2788,5584,0,0,0,0,0,0
2789,4980,4979,0,0,0,0,0
2790,5592,0,0,0,0,0,0
2791,5564,0,0,0,0,0,0
2792,5328,0,0,0,0,0,0
2793,1638,0,0,0,0,0,0
2794,5565,0,0,0,0,0,0
2795,4976,4975,0,0,0,0,0
2796,5601,0,0,0,0,0,0
2797,5334,0,0,0,0,0,0
2798,5605,0,0,0,0,0,0
2799,5606,0,0,0,0,0,0
2800,5611,5141,5488,5493,0,0,0
2801,8,0,0,0,0,0,0
2802,5034,0,0,0,0,0,0
2803,5700,5602,0,0,0,0,0
2804,51,0,0,0,0,0,0
2805,361,0,0,0,0,0,0
2806,5694,5697,5612,5613,5614,5698,0
2807,5461,5580,5462,0,0,0,0
2808,5138,0,0,0,0,0,0
2809,5609,0,0,0,0,0,0
2810,5626,0,0,0,0,0,0
2811,5627,0,0,0,0,0,0
2812,5628,0,0,0,0,0,0
2813,190,0,0,0,0,0,0
2814,2577,0,0,0,0,0,0
2815,482,0,0,0,0,0,0
2816,5591,0,0,0,0,0,0
2817,5461,5462,0,0,0,0,0
2818,1446,0,0,0,0,0,0
2819,482,5588,0,0,0,0,0
2820,5461,0,0,0,0,0,0
2821,5142,0,0,0,0,0,0
2822,267,0,0,0,0,0,0
2823,5139,0,0,0,0,0,0
2824,5590,0,0,0,0,0,0
2826,5589,0,0,0,0,0,0
2827,5639,0,0,0,0,0,0
2828,5595,0,0,0,0,0,0
2829,5664,0,0,0,0,0,0
2830,46,0,0,0,0,0,0
2831,286,0,0,0,0,0,0
2832,5597,0,0,0,0,0,0
2833,5416,0,0,0,0,0,0
2834,5652,252,5654,5653,253,0,0
2835,5472,5471,5470,0,0,0,0
2836,5142,0,0,0,0,0,0
2837,5466,0,0,0,0,0,0
2838,1657,1537,1637,3487,1519,3557,2839
2839,1638,1497,0,0,0,0,0
2840,5488,0,0,0,0,0,0
2841,5670,0,0,0,0,0,0
2842,5668,0,0,0,0,0,0
2843,2618,0,0,0,0,0,0
2844,5095,0,0,0,0,0,0
2845,5676,0,0,0,0,0,0
2846,2417,249,5655,250,2419,2420,2851
2847,5527,5489,0,0,0,0,0
2848,5660,0,0,0,0,0,0
2849,5673,0,0,0,0,0,0
2851,5656,5677,0,0,0,0,0
2852,896,0,0,0,0,0,0
2853,5651,0,0,0,0,0,0
2854,5654,0,0,0,0,0,0
2855,2418,0,0,0,0,0,0
2856,5672,0,0,0,0,0,0
2857,4822,0,0,0,0,0,0
2858,896,272,0,0,0,0,0
2859,251,0,0,0,0,0,0
2860,251,2418,0,0,0,0,0
2861,4771,0,0,0,0,0,0
2862,4771,0,0,0,0,0,0
2873,5685,0,0,0,0,0,0
2875,5685,5646,5034,0,0,0,0
2877,4773,0,0,0,0,0,0
2878,4773,0,0,0,0,0,0
2879,5687,0,0,0,0,0,0
2882,35,0,0,0,0,0,0
2883,4768,0,0,0,0,0,0
2884,4768,0,0,0,0,0,0
2885,2247,0,0,0,0,0,0
2886,2247,0,0,0,0,0,0
2887,5041,5046,2240,0,0,0,0
2888,5041,5046,2240,5048,5049,5591,2891
2889,5143,0,0,0,0,0,0
2891,5025,400,0,0,0,0,0
2893,5140,5424,0,0,0,0,0
2895,5004,0,0,0,0,0,0
2896,1680,0,0,0,0,0,0
2897,1680,0,0,0,0,0,0
2898,5674,0,0,0,0,0,0
2900,278,0,0,0,0,0,0
2902,5674,5671,0,0,0,0,0
2904,5669,0,0,0,0,0,0
2906,5692,0,0,0,0,0,0
2908,5596,0,0,0,0,0,0
2910,5671,0,0,0,0,0,0
2912,5425,0,0,0,0,0,0
2913,5666,0,0,0,0,0,0
2915,4915,0,0,0,0,0,0
2918,257,0,0,0,0,0,0
2923,5137,0,0,0,0,0,0
2924,5137,0,0,0,0,0,0
2925,25,616,0,0,0,0,0
2926,25,616,0,0,0,0,0
2927,4926,0,0,0,0,0,0
2928,4926,0,0,0,0,0,0
2930,188,6450,0,0,0,0,0
2932,5293,5292,0,0,0,0,0
2933,5409,0,0,0,0,0,0
2934,5409,0,0,0,0,0,0
2937,5704,0,0,0,0,0,0
2938,5704,0,0,0,0,0,0
2939,5706,0,0,0,0,0,0
2940,5706,0,0,0,0,0,0
2943,5610,0,0,0,0,0,0
2944,5610,0,0,0,0,0,0
2946,2269,2270,0,0,0,0,0
2948,5144,4955,0,0,0,0,0
2949,5095,4197,0,0,0,0,0
2950,465,0,0,0,0,0,0
2951,5699,0,0,0,0,0,0
2952,5698,0,0,0,0,0,0
2953,2406,0,0,0,0,0,0
2954,1679,1677,1678,1680,0,0,0
2956,1037,0,0,0,0,0,0
2957,4828,4829,0,0,0,0,0
2958,5720,0,0,0,0,0,0
2961,5155,0,0,0,0,0,0
2962,1581,0,0,0,0,0,0
2963,5467,0,0,0,0,0,0
2970,14,1637,0,0,0,0,0
2971,3425,0,0,0,0,0,0
2972,5671,0,0,0,0,0,0
2973,4976,4975,0,0,0,0,0
2974,45,0,0,0,0,0,0
2975,5018,5022,5019,5020,0,0,0
2976,5067,0,0,0,0,0,0
2977,4996,0,0,0,0,0,0
2978,5047,0,0,0,0,0,0
2979,374,0,0,0,0,0,0
2980,4815,4953,5059,0,0,0,0
2981,5059,0,0,0,0,0,0
2985,331,1599,1703,0,0,0,0
2986,4,0,0,0,0,0,0
2987,12,0,0,0,0,0,0
2988,1497,0,0,0,0,0,0
2992,5642,0,0,0,0,0,0
2993,331,17,0,0,0,0,0
2994,493,0,0,0,0,0,0
2997,5347,997,5324,0,0,0,0
2998,5087,0,0,0,0,0,0
2999,5018,5781,5022,5019,0,0,0
3000,380,0,0,0,0,0,0
3001,5019,5087,4861,5016,0,0,0
3002,5018,5013,4989,5015,5781,5022,3001
3003,384,0,0,0,0,0,0
3004,5117,0,0,0,0,0,0
3005,5154,0,0,0,0,0,0
3006,5356,0,0,0,0,0,0
3007,2300,0,0,0,0,0,0
3008,5742,5743,5744,0,0,0,0
3009,4265,0,0,0,0,0,0
3010,5741,0,0,0,0,0,0
3011,1977,0,0,0,0,0,0
3012,5287,0,0,0,0,0,0
3014,5781,5019,4861,0,0,0,0
3015,5019,0,0,0,0,0,0
3016,2177,7,5721,1577,310,5408,3019
3017,302,1759,1758,43,0,0,0
3018,33,311,477,1578,1742,1757,3017
3019,1741,1739,297,312,1737,1738,3018
3020,5739,5742,5740,5738,5743,0,0
3021,5733,0,0,0,0,0,0
3022,5739,5740,5738,0,0,0,0
3023,5738,0,0,0,0,0,0
3024,5739,5740,5738,5745,0,0,0
3025,5746,0,0,0,0,0,0
3026,5748,0,0,0,0,0,0
3027,5745,0,0,0,0,0,0
3028,5015,5022,0,0,0,0,0
3029,5742,0,0,0,0,0,0
3030,5749,0,0,0,0,0,0
3031,5287,0,0,0,0,0,0
3032,141,0,0,0,0,0,0
3033,4990,0,0,0,0,0,0
3034,5784,0,0,0,0,0,0
3035,4933,0,0,0,0,0,0
3036,2097,0,0,0,0,0,0
3037,5764,0,0,0,0,0,0
3039,5797,0,0,0,0,0,0
3040,5798,0,0,0,0,0,0
3041,5741,5740,0,0,0,0,0
3042,5740,0,0,0,0,0,0
3043,5824,0,0,0,0,0,0
3044,5834,0,0,0,0,0,0
3045,5038,0,0,0,0,0,0
3046,5823,0,0,0,0,0,0
3047,5739,5740,5738,0,0,0,0
3048,5038,0,0,0,0,0,0
3049,5625,0,0,0,0,0,0
3050,5738,5745,0,0,0,0,0
3051,5738,5746,0,0,0,0,0
3052,5584,5784,0,0,0,0,0
3053,5047,5584,0,0,0,0,0
3054,5584,5797,0,0,0,0,0
3055,5584,5749,0,0,0,0,0
3061,4989,0,0,0,0,0,0
3063,5739,5742,5740,5738,5745,0,0
3065,5843,0,0,0,0,0,0
3066,5825,5834,5843,0,0,0,0
3071,5173,0,0,0,0,0,0
3086,5785,0,0,0,0,0,0
3091,5825,5846,0,0,0,0,0
3092,5825,5846,5848,0,0,0,0
3093,5835,5825,0,0,0,0,0
3094,5849,0,0,0,0,0,0
3095,5825,5843,0,0,0,0,0
3096,5854,0,0,0,0,0,0
3097,5789,0,0,0,0,0,0
3098,5853,0,0,0,0,0,0
3099,5851,0,0,0,0,0,0
3100,5850,0,0,0,0,0,0
3101,5736,0,0,0,0,0,0
3102,3849,0,0,0,0,0,0
3105,5855,5863,5868,5871,6397,6398,0
3106,5820,0,0,0,0,0,0
3107,5863,0,0,0,0,0,0
3108,5850,5851,0,0,0,0,0
3109,5868,0,0,0,0,0,0
3110,5826,5860,5862,0,0,0,0
3111,5865,0,0,0,0,0,0
3112,5862,0,0,0,0,0,0
3113,5852,0,0,0,0,0,0
3115,5836,5875,5933,0,0,0,0
3116,5872,0,0,0,0,0,0
3117,5836,0,0,0,0,0,0
3118,5876,5887,0,0,0,0,0
3119,5865,5866,5867,5873,6050,6345,0
3120,5879,0,0,0,0,0,0
3121,5881,0,0,0,0,0,0
3122,5886,0,0,0,0,0,0
3123,5890,0,0,0,0,0,0
3124,5878,5891,5896,0,0,0,0
3125,5829,0,0,0,0,0,0
3126,5878,5890,5891,5921,0,0,0
3127,5912,0,0,0,0,0,0
3128,616,5733,0,0,0,0,0
3129,5788,0,0,0,0,0,0
3130,5832,5859,0,0,0,0,0
3131,5830,5946,0,0,0,0,0
3132,5878,5890,5891,5896,5921,0,0
3133,5911,0,0,0,0,0,0
3134,5911,0,0,0,0,0,0
3135,5919,0,0,0,0,0,0
3136,5830,5831,5946,0,0,0,0
3137,5829,5830,5832,5859,5886,0,0
3138,5853,5919,0,0,0,0,0
3139,5935,0,0,0,0,0,0
3140,5737,5833,0,0,0,0,0
3141,5937,0,0,0,0,0,0
3142,5940,0,0,0,0,0,0
3143,5911,5940,0,0,0,0,0
3144,4738,5288,5695,5783,0,0,0
3145,5936,5937,5938,5939,0,0,0
3146,5936,0,0,0,0,0,0
3147,5939,0,0,0,0,0,0
3148,5943,0,0,0,0,0,0
3149,5948,0,0,0,0,0,0
3150,5938,0,0,0,0,0,0
3151,5951,5952,0,0,0,0,0
3152,5805,0,0,0,0,0,0
3153,5833,0,0,0,0,0,0
3154,3486,0,0,0,0,0,0
3155,5954,0,0,0,0,0,0
3156,5955,0,0,0,0,0,0
3157,5950,0,0,0,0,0,0
3158,5949,0,0,0,0,0,0
3159,5950,5951,5952,5953,5961,0,0
3161,5957,0,0,0,0,0,0
3163,6078,0,0,0,0,0,0
3165,5975,0,0,0,0,0,0
3167,5303,0,0,0,0,0,0
3168,5972,0,0,0,0,0,0
3170,5480,0,0,0,0,0,0
3171,1234,4830,0,0,0,0,0
3172,405,0,0,0,0,0,0
3174,5850,5851,5853,0,0,0,0
3175,5973,0,0,0,0,0,0
3176,5969,0,0,0,0,0,0
3177,5968,6356,0,0,0,0,0
3178,5967,0,0,0,0,0,0
3179,5980,5981,0,0,0,0,0
3180,5974,5975,6349,0,0,0,0
3182,5992,0,0,0,0,0,0
3183,5996,0,0,0,0,0,0
3184,6000,6005,0,0,0,0,0
3185,6001,6002,6509,0,0,0,0
3186,5928,0,0,0,0,0,0
3187,5849,0,0,0,0,0,0
3188,4706,0,0,0,0,0,0
3189,5435,0,0,0,0,0,0
3190,5974,0,0,0,0,0,0
3191,5892,0,0,0,0,0,0
3192,2562,2837,0,0,0,0,0
3193,2300,5892,0,0,0,0,0
3194,2300,5892,0,0,0,0,0
3195,5870,5902,5904,0,0,0,0
3196,4196,0,0,0,0,0,0
3197,6005,0,0,0,0,0,0
3198,6007,0,0,0,0,0,0
3199,4762,4790,0,0,0,0,0
3200,4755,4756,4757,4758,4759,4761,3199
3201,5985,6007,6008,6009,6010,6011,3202
3202,6026,0,0,0,0,0,0
3203,6011,0,0,0,0,0,0
3204,6012,0,0,0,0,0,0
3205,5931,0,0,0,0,0,0
3206,5982,0,0,0,0,0,0
3207,5984,0,0,0,0,0,0
3208,5931,6012,6022,6023,6024,0,0
3209,6029,0,0,0,0,0,0
3210,5985,6025,0,0,0,0,0
3211,6038,0,0,0,0,0,0
3212,6017,0,0,0,0,0,0
3213,5931,6022,0,0,0,0,0
3214,6013,0,0,0,0,0,0
3215,6019,0,0,0,0,0,0
3216,6015,6019,6378,0,0,0,0
3217,6019,6020,6058,0,0,0,0
3218,6039,0,0,0,0,0,0
3219,6009,0,0,0,0,0,0
3220,6009,6010,0,0,0,0,0
3221,5980,5981,5992,6039,6096,6107,3484
3222,6016,0,0,0,0,0,0
3223,6015,0,0,0,0,0,0
3224,6036,0,0,0,0,0,0
3227,6004,6014,6049,0,0,0,0
3228,4411,5853,0,0,0,0,0
3229,5872,5934,5935,0,0,0,0
3230,5934,5935,0,0,0,0,0
3231,6014,0,0,0,0,0,0
3232,6063,0,0,0,0,0,0
3234,6049,0,0,0,0,0,0
3235,5932,0,0,0,0,0,0
3236,5930,6071,0,0,0,0,0
3237,6064,6065,0,0,0,0,0
3238,5840,6074,0,0,0,0,0
3239,5872,5934,0,0,0,0,0
3240,6072,6073,6076,6099,6100,0,0
3241,5940,5943,0,0,0,0,0
3242,5841,0,0,0,0,0,0
3243,5876,0,0,0,0,0,0
3244,5857,6082,0,0,0,0,0
3245,6059,0,0,0,0,0,0
3246,5962,0,0,0,0,0,0
3247,6083,6084,6090,6114,0,0,0
3248,5872,5934,5935,5964,6063,0,0
3249,6089,6090,6091,6111,6121,6157,0
3250,6079,6083,6084,6085,6087,6088,3249
3251,6097,0,0,0,0,0,0
3252,6004,6014,6048,6049,0,0,0
3253,5905,5907,0,0,0,0,0
3254,5848,0,0,0,0,0,0
3255,6073,6099,0,0,0,0,0
3256,6098,0,0,0,0,0,0
3257,6065,6096,6097,6107,6354,0,0
3258,5980,5981,5992,5996,6039,6064,3257
3259,6107,0,0,0,0,0,0
3260,6096,0,0,0,0,0,0
3261,6048,0,0,0,0,0,0
3262,5876,5878,5887,5890,6080,0,0
3263,5871,0,0,0,0,0,0
3264,6086,6090,0,0,0,0,0
3265,6106,0,0,0,0,0,0
3266,6085,0,0,0,0,0,0
3267,6114,0,0,0,0,0,0
3268,5968,5969,6356,0,0,0,0
3269,6101,6102,6103,0,0,0,0
3270,5737,5828,0,0,0,0,0
3271,6053,0,0,0,0,0,0
3272,6054,6055,6074,6075,6144,6495,3430
3273,6031,6033,6034,6035,6036,6037,3272
3274,6039,0,0,0,0,0,0
3275,6088,0,0,0,0,0,0
3276,6124,0,0,0,0,0,0
3277,5737,5833,5944,0,0,0,0
3278,6066,0,0,0,0,0,0
3279,6127,0,0,0,0,0,0
3280,6069,6181,0,0,0,0,0
3281,6134,0,0,0,0,0,0
3282,6135,6146,6147,6148,0,0,0
3283,6087,0,0,0,0,0,0
3284,6129,0,0,0,0,0,0
3285,6128,6129,0,0,0,0,0
3286,5805,6134,0,0,0,0,0
3287,6143,0,0,0,0,0,0
3288,6157,0,0,0,0,0,0
3289,6128,0,0,0,0,0,0
3290,5785,5805,5841,5842,0,0,0
3292,6150,0,0,0,0,0,0
3293,6155,6160,6161,6162,0,0,0
3294,279,0,0,0,0,0,0
3295,6125,0,0,0,0,0,0
3296,5842,0,0,0,0,0,0
3297,6164,6165,0,0,0,0,0
3298,6163,0,0,0,0,0,0
3299,6168,0,0,0,0,0,0
3300,6169,0,0,0,0,0,0
3302,6156,0,0,0,0,0,0
3303,6166,0,0,0,0,0,0
3304,6171,0,0,0,0,0,0
3305,6156,0,0,0,0,0,0
3307,6018,0,0,0,0,0,0
3308,6181,0,0,0,0,0,0
3309,6175,0,0,0,0,0,0
3310,6174,0,0,0,0,0,0
3311,6201,0,0,0,0,0,0
3312,6184,0,0,0,0,0,0
3313,6205,0,0,0,0,0,0
3314,6198,6199,6200,6201,6202,6203,0
3315,6188,0,0,0,0,0,0
3316,6208,0,0,0,0,0,0
3317,5852,5934,5935,0,0,0,0
3318,5866,5867,5897,5898,0,0,0
3319,6190,0,0,0,0,0,0
3320,6000,0,0,0,0,0,0
3321,6213,0,0,0,0,0,0
3322,6218,0,0,0,0,0,0
3327,6220,0,0,0,0,0,0
3329,5950,5951,5952,0,0,0,0
3330,5934,5935,5964,0,0,0,0
3331,12,1519,0,0,0,0,0
3332,6292,0,0,0,0,0,0
3333,6187,0,0,0,0,0,0
3334,6150,6173,6294,6383,6528,0,0
3335,6168,6169,6362,6405,0,0,0
3336,14,1637,0,0,0,0,0
3337,6143,6295,0,0,0,0,0
3338,6298,0,0,0,0,0,0
3339,6299,0,0,0,0,0,0
3340,6192,0,0,0,0,0,0
3341,6300,0,0,0,0,0,0
3342,6173,0,0,0,0,0,0
3343,6293,6300,6543,6544,0,0,0
3344,6138,0,0,0,0,0,0
3345,6194,0,0,0,0,0,0
3346,6306,0,0,0,0,0,0
3347,5899,5901,5906,0,0,0,0
3348,6309,0,0,0,0,0,0
3349,6311,0,0,0,0,0,0
3350,6197,0,0,0,0,0,0
3351,6212,6213,6220,6311,0,0,0
3352,4019,0,0,0,0,0,0
3353,6318,0,0,0,0,0,0
3354,6315,6318,0,0,0,0,0
3355,6197,6205,6212,6307,6312,6314,3361
3356,6192,6329,0,0,0,0,0
3357,6329,0,0,0,0,0,0
3358,6189,0,0,0,0,0,0
3359,6335,0,0,0,0,0,0
3360,6196,0,0,0,0,0,0
3361,6348,6390,6392,0,0,0,0
3362,6315,0,0,0,0,0,0
3363,6347,0,0,0,0,0,0
3364,6334,0,0,0,0,0,0
3365,6346,0,0,0,0,0,0
3366,6034,0,0,0,0,0,0
3367,6336,0,0,0,0,0,0
3368,6390,0,0,0,0,0,0
3369,6338,0,0,0,0,0,0
3370,6293,0,0,0,0,0,0
3371,5899,5910,0,0,0,0,0
3372,5984,5992,6096,6107,0,0,0
3373,6007,6009,6010,6026,0,0,0
3374,5899,5910,5911,0,0,0,0
3375,5899,5910,5911,0,0,0,0
3376,6365,6368,6401,6402,6433,0,0
3377,6403,0,0,0,0,0,0
3378,6059,6376,6381,0,0,0,0
3379,5805,6134,6138,0,0,0,0
3380,6094,6415,0,0,0,0,0
3381,513,0,0,0,0,0,0
3383,6418,0,0,0,0,0,0
3384,6297,0,0,0,0,0,0
3385,6032,6053,6074,0,0,0,0
3386,6314,6420,6421,6422,6423,6424,0
3387,5905,5942,0,0,0,0,0
3388,6095,6415,0,0,0,0,0
3389,6006,0,0,0,0,0,0
3390,5805,6006,0,0,0,0,0
3391,6004,6008,6011,0,0,0,0
3392,6031,0,0,0,0,0,0
3393,6403,6404,0,0,0,0,0
3394,6182,0,0,0,0,0,0
3395,6197,6212,6213,6220,6311,0,0
3396,5976,5977,5978,0,0,0,0
3397,6368,6401,6402,0,0,0,0
3398,6328,0,0,0,0,0,0
3399,5850,5851,5853,5919,0,0,0
3400,5876,6080,0,0,0,0,0
3401,6368,0,0,0,0,0,0
3402,6466,0,0,0,0,0,0
3403,6085,6389,6469,0,0,0,0
3404,6435,6442,0,0,0,0,0
3405,6435,6442,0,0,0,0,0
3406,5820,5837,0,0,0,0,0
3407,6497,6503,0,0,0,0,0
3408,6174,0,0,0,0,0,0
3409,6406,0,0,0,0,0,0
3410,6134,6138,6661,6757,0,0,0
3411,5785,5805,5840,5841,5842,6006,3410
3412,6052,0,0,0,0,0,0
3413,6074,6495,6496,6497,6499,6503,0
3414,6109,0,0,0,0,0,0
3415,6074,6495,6499,0,0,0,0
3416,6153,0,0,0,0,0,0
3417,5980,6354,0,0,0,0,0
3421,6031,6032,6033,6034,6035,6036,3426
3422,6444,6445,6446,0,0,0,0
3423,6393,6394,6396,6530,0,0,0
3424,6499,6503,6504,6538,6539,0,0
3425,6149,6363,6495,6496,6497,6498,3424
3426,6037,6054,6055,6074,6127,6144,3425
3427,6432,6447,0,0,0,0,0
3428,5840,5841,0,0,0,0,0
3429,5963,0,0,0,0,0,0
3430,6496,6497,6499,6503,6504,6538,3481
3431,6144,6363,6394,6396,6495,6496,3434
3432,6053,6054,6055,6074,6075,6127,3431
3433,6031,6033,6034,6035,6036,6037,3432
3434,6497,6499,6503,6504,6538,6539,0
3435,5805,6134,0,0,0,0,0
3436,6432,0,0,0,0,0,0
3437,5827,5884,0,0,0,0,0
3438,6391,0,0,0,0,0,0
3439,6001,6509,0,0,0,0,0
3440,5974,6349,0,0,0,0,0
3441,6156,0,0,0,0,0,0
3442,6195,0,0,0,0,0,0
3443,6142,6482,6553,0,0,0,0
3444,6141,6519,6554,6560,0,0,0
3445,6364,6375,0,0,0,0,0
3446,6033,6504,0,0,0,0,0
3447,6033,0,0,0,0,0,0
3448,6406,6407,0,0,0,0,0
3449,6520,0,0,0,0,0,0
3450,6441,0,0,0,0,0,0
3451,5867,0,0,0,0,0,0
3452,5866,5867,6345,6535,0,0,0
3453,14,1637,0,0,0,0,0
3454,6083,6084,6087,6088,0,0,0
3455,5866,6050,6521,6522,6523,6524,3489
3456,5853,6533,0,0,0,0,0
3457,5851,6516,0,0,0,0,0
3458,6516,0,0,0,0,0,0
3459,6081,6153,6526,6527,0,0,0
3460,5398,0,0,0,0,0,0
3461,5986,0,0,0,0,0,0
3462,5851,6517,6534,0,0,0,0
3463,5805,5851,5930,5968,5969,5972,3465
3464,6529,0,0,0,0,0,0
3465,5980,5981,5984,6059,6062,6079,3466
3466,6085,6354,6359,6362,6516,6521,0
3467,6161,0,0,0,0,0,0
3468,5831,0,0,0,0,0,0
3469,6533,0,0,0,0,0,0
3470,513,514,516,2079,2318,0,0
3471,15,403,496,497,498,499,3476
3472,4047,4049,0,0,0,0,0
3473,2079,2158,2302,2318,4010,4046,3472
3474,512,513,514,515,517,518,3473
3475,506,507,508,509,510,511,3474
3476,500,501,502,503,504,505,3475
3477,5851,5853,6516,6517,6534,0,0
3478,6534,0,0,0,0,0,0
3479,6382,0,0,0,0,0,0
3480,6293,6543,0,0,0,0,0
3481,6539,0,0,0,0,0,0
3482,5851,5853,5919,6533,0,0,0
3483,5867,5897,5898,6535,0,0,0
3484,6354,0,0,0,0,0,0
3485,6483,6484,6485,6486,6487,6488,3486
3486,6489,6492,6518,0,0,0,0
3487,6519,0,0,0,0,0,0
3488,6542,0,0,0,0,0,0
3489,6525,0,0,0,0,0,0
3490,6525,0,0,0,0,0,0
3491,6370,0,0,0,0,0,0
3492,11,0,0,0,0,0,0
3493,6306,6542,0,0,0,0,0
3494,6555,0,0,0,0,0,0
3495,5016,0,0,0,0,0,0
3496,516,0,0,0,0,0,0
3497,6521,6522,6523,0,0,0,0
3498,5831,0,0,0,0,0,0
3499,6371,6562,6566,6595,6600,6601,3514
3500,6369,6563,6596,6597,6609,0,0
3502,5842,6138,0,0,0,0,0
3503,6574,6616,6621,6645,6646,6654,0
3504,6299,6418,0,0,0,0,0
3505,6300,6544,0,0,0,0,0
3506,6566,0,0,0,0,0,0
3507,6565,0,0,0,0,0,0
3508,6371,0,0,0,0,0,0
3510,6596,0,0,0,0,0,0
3511,6566,6597,0,0,0,0,0
3512,6595,6596,0,0,0,0,0
3513,3741,3749,3750,3752,3756,3757,3518
3514,6602,6603,6604,6612,0,0,0
3515,3928,0,0,0,0,0,0
3516,3962,0,0,0,0,0,0
3517,3741,0,0,0,0,0,0
3518,3822,3840,3928,3930,3939,3962,0
3519,1658,0,0,0,0,0,0
3520,1657,0,0,0,0,0,0
3521,6611,6623,6624,6625,6626,6627,3552
3522,3487,0,0,0,0,0,0
3523,6595,6596,6597,6603,6604,6609,0
3524,6369,6371,6562,6563,6566,6572,3523
3526,4757,4758,4759,4761,4762,0,0
3527,6201,0,0,0,0,0,0
3528,6612,0,0,0,0,0,0
3529,6494,0,0,0,0,0,0
3531,6613,0,0,0,0,0,0
3532,6611,6623,6624,6625,6626,6627,3549
3533,6462,6617,0,0,0,0,0
3534,2257,6298,6618,0,0,0,0
3535,6618,0,0,0,0,0,0
3536,6617,0,0,0,0,0,0
3537,6085,0,0,0,0,0,0
3538,6093,0,0,0,0,0,0
3539,6079,6361,0,0,0,0,0
3540,6369,0,0,0,0,0,0
3541,6619,0,0,0,0,0,0
3542,6148,0,0,0,0,0,0
3543,141,1657,0,0,0,0,0
3544,6468,0,0,0,0,0,0
3545,141,1657,1658,0,0,0,0
3546,3430,0,0,0,0,0,0
3547,6640,6641,6642,0,0,0,0
3548,6634,6635,6636,6637,6638,6639,3547
3549,6628,6629,6630,6631,6632,6633,3548
3550,6640,6641,6642,0,0,0,0
3551,6634,6635,6636,6637,6638,6639,3550
3552,6628,6629,6630,6631,6632,6633,3551
3553,6575,6615,0,0,0,0,0
3554,6369,6430,0,0,0,0,0
3555,6609,0,0,0,0,0,0
3556,6145,6504,6553,6554,6751,6752,0
3557,6033,6034,6036,6141,6142,6143,3556
3558,6507,0,0,0,0,0,0
3559,6335,6437,0,0,0,0,0
3560,5936,5937,5938,5939,6417,0,0
3561,6371,6566,6601,6604,0,0,0
3562,6169,6362,0,0,0,0,0
3563,5785,6134,6533,0,0,0,0
3568,6580,0,0,0,0,0,0
3569,6578,6594,6671,0,0,0,0
3570,6586,0,0,0,0,0,0
3571,6589,6590,0,0,0,0,0
3572,6587,0,0,0,0,0,0
3573,141,1657,6134,0,0,0,0
3574,6697,0,0,0,0,0,0
3575,6589,0,0,0,0,0,0
3576,6622,0,0,0,0,0,0
3577,6677,0,0,0,0,0,0
3578,6584,6676,0,0,0,0,0
3579,6583,6703,0,0,0,0,0
3580,6677,0,0,0,0,0,0
3581,6579,0,0,0,0,0,0
3582,6590,0,0,0,0,0,0
3583,6661,0,0,0,0,0,0
3584,6677,0,0,0,0,0,0
3586,6507,6677,0,0,0,0,0
3587,6716,0,0,0,0,0,0
3588,6592,0,0,0,0,0,0
3589,3428,0,0,0,0,0,0
3590,8,1457,0,0,0,0,0
3591,6591,0,0,0,0,0,0
3592,6576,0,0,0,0,0,0
3593,6582,6583,6703,6711,6712,6713,3595
3594,6581,6584,6676,6708,6709,6710,3596
3595,6724,6727,0,0,0,0,0
3596,6725,6726,0,0,0,0,0
3597,6134,6138,6141,6142,6507,6553,3614
3598,5785,5805,5840,5841,5842,6006,3597
3599,6507,6677,6716,0,0,0,0
3600,6567,0,0,0,0,0,0
3601,6743,0,0,0,0,0,0
3602,6720,0,0,0,0,0,0
3603,6742,0,0,0,0,0,0
3604,367,393,6748,0,0,0,0
3605,5974,5975,0,0,0,0,0
3606,362,2337,6747,6750,0,0,0
3607,817,1297,4982,0,0,0,0
3608,6744,0,0,0,0,0,0
3609,6745,7450,0,0,0,0,0
3610,6175,6184,0,0,0,0,0
3611,17,0,0,0,0,0,0
3612,6036,6143,6145,6751,6752,0,0
3613,6507,6622,0,0,0,0,0
3614,6554,6661,6757,0,0,0,0
3615,6758,0,0,0,0,0,0
3616,6759,0,0,0,0,0,0
3617,6757,0,0,0,0,0,0
3618,6765,0,0,0,0,0,0
3619,6770,0,0,0,0,0,0
3625,6780,0,0,0,0,0,0
3626,6774,0,0,0,0,0,0
3627,6781,6782,6783,6784,0,0,0
3628,6781,0,0,0,0,0,0
3629,6777,0,0,0,0,0,0
3630,6774,6775,6805,0,0,0,0
3631,6785,6930,6931,6943,6944,6946,0
3632,6786,0,0,0,0,0,0
3634,6775,0,0,0,0,0,0
3635,6776,0,0,0,0,0,0
3636,6774,6784,6805,0,0,0,0
3637,6719,0,0,0,0,0,0
3638,6797,0,0,0,0,0,0
3639,6796,0,0,0,0,0,0
3640,6772,0,0,0,0,0,0
3641,6794,0,0,0,0,0,0
3642,6809,0,0,0,0,0,0
3643,6778,0,0,0,0,0,0
3644,6778,6779,6810,7055,0,0,0
3645,6779,0,0,0,0,0,0
3646,6811,0,0,0,0,0,0
3647,6742,6743,0,0,0,0,0
3648,6807,0,0,0,0,0,0
3649,6793,0,0,0,0,0,0
3650,6790,7078,0,0,0,0,0
3651,6742,0,0,0,0,0,0
3652,6785,6786,6930,6931,6943,6944,3735
3653,6847,0,0,0,0,0,0
3654,6796,6847,6922,0,0,0,0
3655,6848,0,0,0,0,0,0
3656,6848,6849,6850,0,0,0,0
3657,6836,0,0,0,0,0,0
3658,6738,0,0,0,0,0,0
3659,4710,6369,6563,6596,6597,6609,0
3660,6792,0,0,0,0,0,0
3661,5723,0,0,0,0,0,0
3662,6772,6796,0,0,0,0,0
3663,6789,6858,0,0,0,0,0
3665,6804,0,0,0,0,0,0
3667,6742,6743,6758,0,0,0,0
3668,6855,0,0,0,0,0,0
3669,6857,0,0,0,0,0,0
3670,6858,0,0,0,0,0,0
3671,6861,0,0,0,0,0,0
3672,6745,6861,7450,0,0,0,0
3673,6864,7209,0,0,0,0,0
3674,6791,0,0,0,0,0,0
3675,6851,0,0,0,0,0,0
3676,6738,0,0,0,0,0,0
3677,6792,6866,0,0,0,0,0
3678,6848,6849,6850,6864,6867,6875,3698
3679,6868,0,0,0,0,0,0
3680,6871,0,0,0,0,0,0
3681,6774,6871,0,0,0,0,0
3682,6869,0,0,0,0,0,0
3683,6873,0,0,0,0,0,0
3684,6875,0,0,0,0,0,0
3685,108,1741,0,0,0,0,0
3686,6781,6782,6784,6805,6902,6903,0
3687,6721,0,0,0,0,0,0
3688,6872,0,0,0,0,0,0
3690,6720,6864,6875,0,0,0,0
3691,6867,0,0,0,0,0,0
3692,6720,6864,0,0,0,0,0
3693,6864,6875,6905,6939,7209,0,0
3697,6720,6906,0,0,0,0,0
3698,6905,0,0,0,0,0,0
3699,6781,6782,6783,6784,6805,0,0
3700,6779,6810,6868,0,0,0,0
3701,6907,0,0,0,0,0,0
3702,6904,0,0,0,0,0,0
3703,6662,0,0,0,0,0,0
3704,6723,0,0,0,0,0,0
3705,6794,6904,0,0,0,0,0
3706,6876,0,0,0,0,0,0
3707,6877,6879,6915,0,0,0,0
3709,6877,0,0,0,0,0,0
3710,6876,6878,6914,0,0,0,0
3711,6662,6918,0,0,0,0,0
3712,6879,0,0,0,0,0,0
3713,6913,0,0,0,0,0,0
3714,6913,6915,0,0,0,0,0
3715,6876,6914,0,0,0,0,0
3716,6662,0,0,0,0,0,0
3717,6761,0,0,0,0,0,0
3718,6877,6913,0,0,0,0,0
3719,6926,0,0,0,0,0,0
3721,6933,0,0,0,0,0,0
3722,6817,0,0,0,0,0,0
3723,2562,3457,0,0,0,0,0
3725,6935,0,0,0,0,0,0
3726,6937,0,0,0,0,0,0
3727,6891,0,0,0,0,0,0
3728,6885,7489,0,0,0,0,0
3729,6937,6938,0,0,0,0,0
3730,6937,6938,0,0,0,0,0
3731,6939,0,0,0,0,0,0
3732,6864,6939,0,0,0,0,0
3733,6940,0,0,0,0,0,0
3734,6879,6881,6915,6935,7281,7282,0
3735,6945,6946,0,0,0,0,0
3742,6942,0,0,0,0,0,0
3743,6947,0,0,0,0,0,0
3744,6887,6888,0,0,0,0,0
3746,6925,0,0,0,0,0,0
3747,6924,0,0,0,0,0,0
3748,6887,0,0,0,0,0,0
3749,6949,0,0,0,0,0,0
3750,6938,0,0,0,0,0,0
3751,6888,0,0,0,0,0,0
3752,6744,6867,0,0,0,0,0
3753,4,0,0,0,0,0,0
3754,6866,0,0,0,0,0,0
3755,6905,0,0,0,0,0,0
3756,6869,6958,7318,0,0,0,0
3757,6869,6958,0,0,0,0,0
3758,6722,0,0,0,0,0,0
3759,6903,0,0,0,0,0,0
3760,6887,6888,6942,0,0,0,0
3761,6880,6935,0,0,0,0,0
3762,6923,0,0,0,0,0,0
3763,6891,6961,0,0,0,0,0
3764,6938,0,0,0,0,0,0
3765,6965,0,0,0,0,0,0
3766,6927,0,0,0,0,0,0
3767,6878,0,0,0,0,0,0
3768,6920,0,0,0,0,0,0
3769,6887,6888,6889,0,0,0,0
3770,6976,0,0,0,0,0,0
3771,6917,0,0,0,0,0,0
3772,6982,0,0,0,0,0,0
3773,6957,0,0,0,0,0,0
3775,6983,0,0,0,0,0,0
3776,6994,6995,0,0,0,0,0
3777,6947,6950,0,0,0,0,0
3778,6761,6997,7000,7020,7053,7191,0
3779,6997,0,0,0,0,0,0
3780,6916,6979,0,0,0,0,0
3781,6966,0,0,0,0,0,0
3782,7000,0,0,0,0,0,0
3783,6995,0,0,0,0,0,0
3784,6787,0,0,0,0,0,0
3785,7022,0,0,0,0,0,0
3786,6994,0,0,0,0,0,0
3787,7005,7011,0,0,0,0,0
3788,7011,0,0,0,0,0,0
3789,7017,0,0,0,0,0,0
3790,7014,0,0,0,0,0,0
3791,7012,0,0,0,0,0,0
3792,7001,0,0,0,0,0,0
3793,6978,0,0,0,0,0,0
3794,6968,7013,7236,0,0,0,0
3795,6867,0,0,0,0,0,0
3796,7023,0,0,0,0,0,0
3797,6910,0,0,0,0,0,0
3798,7024,0,0,0,0,0,0
3799,6721,7003,0,0,0,0,0
3800,7021,0,0,0,0,0,0
3801,7004,0,0,0,0,0,0
3802,7021,7029,0,0,0,0,0
3803,7119,0,0,0,0,0,0
3804,6986,0,0,0,0,0,0
3805,7032,0,0,0,0,0,0
3806,7025,0,0,0,0,0,0
3807,7018,7019,0,0,0,0,0
3808,6720,6906,7033,0,0,0,0
3809,7018,0,0,0,0,0,0
3810,7019,0,0,0,0,0,0
3811,7038,7039,7041,0,0,0,0
3814,7037,7044,7169,0,0,0,0
3815,7047,0,0,0,0,0,0
3816,6778,6817,0,0,0,0,0
3817,6755,0,0,0,0,0,0
3818,7066,0,0,0,0,0,0
3819,6761,7000,0,0,0,0,0
3820,7040,7129,7130,0,0,0,0
3821,7053,0,0,0,0,0,0
3822,6662,0,0,0,0,0,0
3823,7014,7075,7076,0,0,0,0
3824,7052,0,0,0,0,0,0
3825,7077,0,0,0,0,0,0
3826,7078,0,0,0,0,0,0
3828,7079,0,0,0,0,0,0
3829,7059,7292,7294,7434,0,0,0
3830,7081,7293,7295,7433,0,0,0
3832,7082,0,0,0,0,0,0
3833,7067,0,0,0,0,0,0
3834,6976,7048,0,0,0,0,0
3835,7084,0,0,0,0,0,0
3836,7090,0,0,0,0,0,0
3837,7031,7093,0,0,0,0,0
3838,7062,7257,0,0,0,0,0
3839,7095,0,0,0,0,0,0
3840,7092,0,0,0,0,0,0
3841,7031,0,0,0,0,0,0
3842,7097,7285,7287,7482,0,0,0
3843,7098,7284,7286,7483,0,0,0
3844,7004,7096,7103,7104,7327,7328,3998
3845,7083,7213,7214,0,0,0,0
3846,7105,0,0,0,0,0,0
3847,6720,6960,7096,7103,7104,7210,0
3848,7074,0,0,0,0,0,0
3849,7070,0,0,0,0,0,0
3850,7091,0,0,0,0,0,0
3851,7042,0,0,0,0,0,0
3852,7074,7105,0,0,0,0,0
3853,6993,0,0,0,0,0,0
3854,7098,0,0,0,0,0,0
3855,7049,0,0,0,0,0,0
3856,6941,0,0,0,0,0,0
3857,7014,0,0,0,0,0,0
3858,7114,0,0,0,0,0,0
3859,7117,0,0,0,0,0,0
3860,7122,0,0,0,0,0,0
3861,7115,7157,7412,0,0,0,0
3862,7131,7176,7179,0,0,0,0
3863,7111,0,0,0,0,0,0
3864,6947,0,0,0,0,0,0
3865,6923,0,0,0,0,0,0
3866,7123,0,0,0,0,0,0
3867,7124,0,0,0,0,0,0
3868,6906,7004,7062,7079,7257,0,0
3869,6906,0,0,0,0,0,0
3870,7123,7124,0,0,0,0,0
3871,6950,0,0,0,0,0,0
3872,7125,0,0,0,0,0,0
3873,6720,7004,7096,7103,7104,7327,3999
3874,7115,7131,7157,7176,7179,0,0
3875,6762,7141,0,0,0,0,0
3876,6882,0,0,0,0,0,0
3877,7127,7400,0,0,0,0,0
3878,6980,0,0,0,0,0,0
3880,7083,7213,7214,0,0,0,0
3881,6947,7134,0,0,0,0,0
3882,6921,6922,6923,7078,7085,7086,3883
3883,7087,0,0,0,0,0,0
3884,6790,7078,7085,7086,7087,7211,4001
3885,7142,0,0,0,0,0,0
3886,7110,0,0,0,0,0,0
3887,7062,7079,7257,0,0,0,0
3888,7143,0,0,0,0,0,0
3889,7035,0,0,0,0,0,0
3890,7043,0,0,0,0,0,0
3891,7145,0,0,0,0,0,0
3892,6893,7152,7153,0,0,0,0
3893,7149,7171,0,0,0,0,0
3894,7072,0,0,0,0,0,0
3895,7044,0,0,0,0,0,0
3896,7151,0,0,0,0,0,0
3897,7139,0,0,0,0,0,0
3898,7065,0,0,0,0,0,0
3899,7044,7045,0,0,0,0,0
3900,7160,0,0,0,0,0,0
3901,7167,0,0,0,0,0,0
3902,7116,7117,7118,7120,7167,0,0
3903,7065,7168,0,0,0,0,0
3904,7061,0,0,0,0,0,0
3905,6873,6921,0,0,0,0,0
3906,7063,0,0,0,0,0,0
3907,7169,0,0,0,0,0,0
3908,7037,0,0,0,0,0,0
3909,7150,7151,7186,7187,7188,0,0
3910,6793,6872,6987,0,0,0,0
3911,7158,7166,7283,0,0,0,0
3912,7140,0,0,0,0,0,0
3914,7171,0,0,0,0,0,0
3915,7163,0,0,0,0,0,0
3916,7068,7069,0,0,0,0,0
3917,7179,0,0,0,0,0,0
3918,7064,0,0,0,0,0,0
3919,6909,0,0,0,0,0,0
3920,6925,6928,0,0,0,0,0
3921,7177,0,0,0,0,0,0
3922,7173,0,0,0,0,0,0
3923,7145,7182,0,0,0,0,0
3924,7089,0,0,0,0,0,0
3925,7114,0,0,0,0,0,0
3926,6874,0,0,0,0,0,0
3927,6909,7189,0,0,0,0,0
3928,7185,0,0,0,0,0,0
3929,7145,7181,0,0,0,0,0
3930,7162,0,0,0,0,0,0
3931,7164,0,0,0,0,0,0
3932,6876,7185,0,0,0,0,0
3933,6998,0,0,0,0,0,0
3934,7020,0,0,0,0,0,0
3935,7085,7086,7087,7211,7324,7325,4000
3936,6880,7402,7403,0,0,0,0
3937,6880,6914,6935,7184,0,0,0
3938,7189,0,0,0,0,0,0
3939,7036,0,0,0,0,0,0
3940,6891,0,0,0,0,0,0
3941,7197,7288,7290,7485,0,0,0
3942,7198,7289,7291,7484,0,0,0
3943,6873,6921,6922,6993,7048,7049,0
3944,6999,7208,0,0,0,0,0
3945,7073,0,0,0,0,0,0
3946,7183,7205,7322,0,0,0,0
3947,6891,7154,7155,7160,7177,7178,3946
3948,7205,0,0,0,0,0,0
3949,7204,0,0,0,0,0,0
3950,7199,0,0,0,0,0,0
3951,6967,0,0,0,0,0,0
3952,7060,0,0,0,0,0,0
3953,6772,6811,0,0,0,0,0
3954,7183,0,0,0,0,0,0
3955,6891,7154,7155,7160,7177,7178,3954
3956,7217,7218,0,0,0,0,0
3957,7217,7218,0,0,0,0,0
3958,7162,7219,0,0,0,0,0
3959,7222,0,0,0,0,0,0
3960,6891,7190,7205,7304,7322,7393,4019
3961,6999,7208,7222,0,0,0,0
3962,7119,0,0,0,0,0,0
3963,6930,6946,0,0,0,0,0
3964,7202,0,0,0,0,0,0
3965,7036,7110,7143,7268,0,0,0
3966,6899,0,0,0,0,0,0
3967,7032,7269,0,0,0,0,0
3968,7272,0,0,0,0,0,0
3969,7273,0,0,0,0,0,0
3970,7067,0,0,0,0,0,0
3971,7121,0,0,0,0,0,0
3972,7275,0,0,0,0,0,0
3973,7274,0,0,0,0,0,0
3974,7227,7280,0,0,0,0,0
3975,7120,0,0,0,0,0,0
3976,7297,0,0,0,0,0,0
3977,7296,0,0,0,0,0,0
3978,7277,0,0,0,0,0,0
3979,7299,0,0,0,0,0,0
3980,7301,0,0,0,0,0,0
3981,7296,7301,0,0,0,0,0
3982,7217,7218,0,0,0,0,0
3983,7145,7147,7182,0,0,0,0
3984,7183,0,0,0,0,0,0
3985,7302,7308,0,0,0,0,0
3986,6762,7141,0,0,0,0,0
3987,7315,0,0,0,0,0,0
3988,7032,7269,7417,7418,7419,7420,4044
3989,7045,0,0,0,0,0,0
3990,7317,0,0,0,0,0,0
3991,7316,0,0,0,0,0,0
3992,6881,0,0,0,0,0,0
3993,7305,7306,0,0,0,0,0
3994,7055,0,0,0,0,0,0
3995,5068,0,0,0,0,0,0
3996,7319,0,0,0,0,0,0
3997,7323,0,0,0,0,0,0
3998,7329,0,0,0,0,0,0
3999,7328,7329,0,0,0,0,0
4000,7326,0,0,0,0,0,0
4001,7324,7325,7326,0,0,0,0
4002,7331,0,0,0,0,0,0
4003,6876,6878,0,0,0,0,0
4004,7331,7370,0,0,0,0,0
4005,7377,0,0,0,0,0,0
4006,7375,7376,0,0,0,0,0
4007,7158,7159,7166,7283,0,0,0
4008,7389,0,0,0,0,0,0
4009,7115,7157,7412,0,0,0,0
4010,7390,7391,0,0,0,0,0
4011,6899,0,0,0,0,0,0
4012,6879,6887,6899,0,0,0,0
4013,6899,6900,0,0,0,0,0
4014,7040,7042,7129,7130,0,0,0
4016,7392,0,0,0,0,0,0
4017,6892,0,0,0,0,0,0
4018,7392,0,0,0,0,0,0
4019,7394,0,0,0,0,0,0
4020,6662,6719,6720,6721,6722,6755,0
4021,7224,0,0,0,0,0,0
4022,6877,0,0,0,0,0,0
4023,7126,0,0,0,0,0,0
4024,7125,7399,0,0,0,0,0
4025,7087,7096,7103,7104,7210,7211,4027
4026,6790,6906,7004,7078,7085,7086,4025
4027,7324,7325,7326,7327,7328,7329,0
4028,7154,7322,0,0,0,0,0
4029,7155,0,0,0,0,0,0
4030,6755,7462,0,0,0,0,0
4031,6662,6719,6720,6721,6722,6723,4030
4032,7411,0,0,0,0,0,0
4033,6935,0,0,0,0,0,0
4034,6884,0,0,0,0,0,0
4035,7326,7327,7328,7329,0,0,0
4036,7096,7103,7104,7211,7324,7325,4035
4037,6790,7004,7078,7085,7086,7087,4036
4038,6887,6888,0,0,0,0,0
4039,6985,7392,7413,0,0,0,0
4040,7110,7111,0,0,0,0,0
4041,6893,0,0,0,0,0,0
4042,6885,0,0,0,0,0,0
4043,7270,0,0,0,0,0,0
4044,7421,7422,0,0,0,0,0
4045,6889,0,0,0,0,0,0
4046,6948,0,0,0,0,0,0
4047,7103,7210,7211,7332,7333,7462,0
4048,6755,6941,6975,7085,7086,7096,4047
4049,6662,6719,6720,6721,6722,6723,4048
4050,7429,0,0,0,0,0,0
4051,6779,7055,0,0,0,0,0
4052,7046,0,0,0,0,0,0
4053,7289,0,0,0,0,0,0
4054,7288,0,0,0,0,0,0
4055,7291,0,0,0,0,0,0
4056,7290,0,0,0,0,0,0
4057,6719,6721,0,0,0,0,0
4058,6662,6719,0,0,0,0,0
4059,6719,6720,0,0,0,0,0
4060,6719,6722,0,0,0,0,0
4061,6719,6755,0,0,0,0,0
4062,6719,0,0,0,0,0,0
4063,6719,6941,0,0,0,0,0
4064,6720,6941,0,0,0,0,0
4065,6720,0,0,0,0,0,0
4066,6720,6721,0,0,0,0,0
4067,6720,6755,0,0,0,0,0
4068,6720,6722,0,0,0,0,0
4069,6662,6720,0,0,0,0,0
4070,6719,6720,0,0,0,0,0
4071,7145,7180,0,0,0,0,0
4072,6947,7251,0,0,0,0,0
4073,7434,0,0,0,0,0,0
4074,7292,0,0,0,0,0,0
4075,7294,0,0,0,0,0,0
4076,7433,0,0,0,0,0,0
4077,7293,0,0,0,0,0,0
4078,7295,0,0,0,0,0,0
4079,6945,0,0,0,0,0,0
4080,7286,0,0,0,0,0,0
4081,7284,0,0,0,0,0,0
4082,7285,0,0,0,0,0,0
4083,7287,0,0,0,0,0,0
4084,7291,0,0,0,0,0,0
4085,7289,0,0,0,0,0,0
4086,7288,0,0,0,0,0,0
4087,7290,0,0,0,0,0,0
4088,7279,7311,7378,7379,7438,7439,4090
4089,7080,7088,7099,7100,7201,7275,4088
4090,7444,7476,7477,7478,7479,0,0
4091,7034,7140,0,0,0,0,0
4092,7145,7180,7182,0,0,0,0
4093,6945,0,0,0,0,0,0
4094,6762,7032,7269,7422,7453,7454,4113
4097,7317,7449,0,0,0,0,0
4098,7183,0,0,0,0,0,0
4099,7333,7462,0,0,0,0,0
4100,7103,7109,7210,7211,7307,7332,4099
4101,6975,6984,6988,7085,7086,7096,4100
4102,6755,6874,6912,6932,6941,6951,4101
4103,6662,6719,6720,6721,6722,6723,4102
4104,7145,7147,0,0,0,0,0
4105,7303,0,0,0,0,0,0
4106,7320,0,0,0,0,0,0
4107,6881,7281,0,0,0,0,0
4108,7158,7166,0,0,0,0,0
4109,7158,7283,0,0,0,0,0
4110,6881,7282,0,0,0,0,0
4111,6755,6932,7053,7086,7087,7103,4115
4112,6662,6719,6720,6721,6722,6723,4111
4113,7455,7480,0,0,0,0,0
4114,6988,6989,6990,6991,0,0,0
4115,7104,0,0,0,0,0,0
4117,6781,6782,0,0,0,0,0
4118,7469,0,0,0,0,0,0
4119,7462,0,0,0,0,0,0
4120,7473,0,0,0,0,0,0
4121,6911,0,0,0,0,0,0
4122,7448,0,0,0,0,0,0
4123,7461,0,0,0,0,0,0
4125,7211,7462,0,0,0,0,0
4126,6755,7085,7086,7096,7103,7210,4125
4127,6662,6719,6720,6721,6722,6723,4126
4128,7324,7325,7326,7327,7328,7329,0
4129,7071,0,0,0,0,0,0
4130,7478,7479,0,0,0,0,0
4131,7462,0,0,0,0,0,0
4132,7080,7476,0,0,0,0,0
4133,7478,0,0,0,0,0,0
4134,7476,0,0,0,0,0,0
4135,7207,0,0,0,0,0,0
4136,6909,0,0,0,0,0,0
4139,7103,7210,7211,7332,7333,0,0
4140,6755,6941,6975,7085,7086,7096,4139
4141,6662,6719,6720,6721,6722,6723,4140
4142,7333,7462,0,0,0,0,0
4143,7103,7109,7210,7211,7307,7332,4142
4144,6975,6984,6988,7085,7086,7096,4143
4145,6755,6874,6912,6932,6941,6951,4144
4146,6662,6719,6720,6721,6722,6723,4145
4147,7211,7462,0,0,0,0,0
4148,6755,7085,7086,7096,7103,7210,4147
4149,6662,6719,6720,6721,6722,6723,4148
4150,6755,7462,0,0,0,0,0
4151,6662,6719,6720,6721,6722,6723,4150
4152,7104,7462,0,0,0,0,0
4153,6755,6932,7053,7086,7087,7103,4152
4154,6662,6719,6720,6721,6722,6723,4153
4155,7389,7390,7391,0,0,0,0
4156,7319,0,0,0,0,0,0
4157,7283,0,0,0,0,0,0
4158,7166,0,0,0,0,0,0
4159,7281,0,0,0,0,0,0
4160,7282,0,0,0,0,0,0
4161,7451,0,0,0,0,0,0
4162,6938,0,0,0,0,0,0
4163,7484,0,0,0,0,0,0
4164,7485,0,0,0,0,0,0
4165,7482,0,0,0,0,0,0
4166,7483,0,0,0,0,0,0
4170,6980,0,0,0,0,0,0
4172,6774,0,0,0,0,0,0
4173,7220,0,0,0,0,0,0
4174,6984,7423,0,0,0,0,0
4175,7109,0,0,0,0,0,0
4176,6932,0,0,0,0,0,0
4177,7307,0,0,0,0,0,0
4178,6912,0,0,0,0,0,0
4179,6951,0,0,0,0,0,0
4180,7311,0,0,0,0,0,0
4181,7279,0,0,0,0,0,0
4182,7201,0,0,0,0,0,0
4183,7100,0,0,0,0,0,0
4184,7099,0,0,0,0,0,0
4185,7216,7473,0,0,0,0,0
4186,6957,0,0,0,0,0,0
4187,6307,0,0,0,0,0,0
4188,6774,6784,6805,6911,0,0,0
4191,6762,7141,7417,7421,0,0,0
4193,7474,0,0,0,0,0,0
4195,7078,0,0,0,0,0,0
4196,7117,7492,0,0,0,0,0
4197,7161,7165,7231,0,0,0,0
4198,7414,0,0,0,0,0,0
4199,7153,0,0,0,0,0,0
4201,6852,0,0,0,0,0,0
4202,6852,0,0,0,0,0,0
4203,7411,7415,0,0,0,0,0
4204,5691,0,0,0,0,0,0
4205,6984,7423,0,0,0,0,0
4207,7421,7422,7453,7454,7455,7480,0
4208,6762,7032,7417,7418,7419,7420,4207
4210,5599,0,0,0,0,0,0
4211,7116,0,0,0,0,0,0
4214,7216,7473,0,0,0,0,0
4215,6912,7381,0,0,0,0,0
4217,80,717,1519,6816,7330,7486,0
4220,6848,6849,0,0,0,0,0
