ID,Width,Height
1,512,512
2,1024,512
103,1024,512
104,1024,512
105,1024,512
106,1024,512
107,1024,512
108,1024,512
109,1024,512
110,1024,512
111,1024,512
112,1024,512
113,1024,512
114,1024,512
115,1024,512
116,1024,512
117,1024,512
118,1024,512
119,1024,512
120,1024,512
121,1024,512
122,1024,512
123,1024,512
124,1024,512
125,1024,512
126,1024,512
127,1024,512
128,1024,512
129,1024,512
130,1024,512
131,1024,512
132,1024,512
133,1024,512
134,1024,512
135,1024,512
136,1024,512
137,1024,512
138,1024,512
139,1024,512
140,1024,512
141,1024,512
142,1024,512
143,1024,512
144,1024,512
145,1024,512
146,1024,512
147,1024,512
148,1024,512
149,1024,512
150,1024,512
151,512,512
152,512,512
153,256,256
154,512,512
