ID,Quality[0],Quality[1],Quality[2],Quality[3],Quality[4],Quality[5],Quality[6],ItemLevel
1,1.3384,2.0072,2.4288,4.0552,7.236,7.236,7.236,1
2,1.472,2.208,2.672,4.6208,7.6976,7.6976,7.6976,2
3,1.6192,2.4288,2.9392,5.1768,8.16,8.16,8.16,3
4,1.7808,2.672,3.2328,5.7272,8.6184,8.6184,8.6184,4
5,1.8304,2.9392,3.556,6.2632,9.0776,9.0776,9.0776,5
6,2.12,3.2328,3.912,6.7696,9.5416,9.5416,9.5416,6
7,2.4328,3.556,4.3032,7.236,10.0248,10.0248,10.0248,7
8,2.7728,3.912,4.7336,7.6976,10.528,10.528,10.528,8
9,3.1056,4.3032,5.2064,8.16,11.0608,11.0608,11.0608,9
10,3.4368,4.7336,5.7272,8.6184,11.624,11.624,11.624,10
11,3.7584,5.2064,6.2632,9.0776,12.2176,12.2176,12.2176,11
12,4.0616,5.7272,6.7696,9.5416,12.8336,12.8336,12.8336,12
13,4.3416,6.2632,7.236,10.0248,13.4552,13.4552,13.4552,13
14,4.6184,6.7696,7.6976,10.528,14.0792,14.0792,14.0792,14
15,4.896,7.236,8.16,11.0608,14.6952,14.6952,14.6952,15
16,5.1712,7.6976,8.6184,11.624,15.284,15.284,15.284,16
17,5.4464,8.16,9.0776,12.2176,15.8464,15.8464,15.8464,17
18,5.7248,8.6184,9.5416,12.8336,16.3864,16.3864,16.3864,18
19,6.0144,9.0776,10.0248,13.4552,16.9056,16.9056,16.9056,19
20,6.3168,9.5416,10.528,14.0792,17.4056,17.4056,17.4056,20
21,6.636,10.0248,11.0608,14.6952,17.908,17.908,17.908,21
22,6.9744,10.528,11.624,15.284,18.4648,18.4648,18.4648,22
23,7.3304,11.0608,12.2176,15.8464,19.092,19.092,19.092,23
24,7.7,11.624,12.8336,16.3864,19.784,19.784,19.784,24
25,8.0728,12.2176,13.4552,16.9056,20.5616,20.5616,20.5616,25
26,8.448,12.8336,14.0792,17.4056,21.4216,21.4216,21.4216,26
27,8.8168,13.4552,14.6952,17.908,22.2992,22.2992,22.2992,27
28,9.1704,14.0792,15.284,18.4648,23.2056,23.2056,23.2056,28
29,9.508,14.6952,15.8464,19.092,24.1392,24.1392,24.1392,29
30,9.832,15.284,16.3864,19.784,25.0904,25.0904,25.0904,30
31,10.1432,15.8464,16.9056,20.5616,26.056,26.056,26.056,31
32,10.4432,16.3864,17.4056,21.4216,26.968,26.968,26.968,32
33,10.7448,16.9056,17.908,22.2992,27.8032,27.8032,27.8032,33
34,11.0784,17.4056,18.4648,23.2056,28.5664,28.5664,28.5664,34
35,11.4552,17.908,19.092,24.1392,29.2544,29.2544,29.2544,35
36,11.8704,18.4648,19.784,25.0904,29.8688,29.8688,29.8688,36
37,12.3368,19.092,20.5616,26.056,30.4816,30.4816,30.4816,37
38,12.8528,19.784,21.4216,26.968,31.0992,31.0992,31.0992,38
39,13.38,20.5616,22.2992,27.8032,31.7256,31.7256,31.7256,39
40,13.9232,21.4216,23.2056,28.5664,32.3448,32.3448,32.3448,40
41,14.4832,22.2992,24.1392,29.2544,32.9576,32.9576,32.9576,41
42,15.0544,23.2056,25.0904,29.8688,33.576,33.576,33.576,42
43,15.6336,24.1392,26.056,30.4816,34.1936,34.1936,34.1936,43
44,16.1808,25.0904,26.968,31.0992,34.8072,34.8072,34.8072,44
45,16.6816,26.056,27.8032,31.7256,35.4296,35.4296,35.4296,45
46,17.14,26.968,28.5664,32.3448,36.06,36.06,36.06,46
47,17.5528,27.8032,29.2544,32.9576,36.6896,36.6896,36.6896,47
48,17.9216,28.5664,29.8688,33.576,37.324,37.324,37.324,48
49,18.2888,29.2544,30.4816,34.1936,37.9592,37.9592,37.9592,49
50,18.6592,29.8688,31.0992,34.8072,38.588,38.588,38.588,50
51,19.0352,30.4816,31.7256,35.4296,39.2176,39.2176,39.2176,51
52,19.4072,31.0992,32.3448,36.06,39.8496,39.8496,39.8496,52
53,19.7744,31.7256,32.9576,36.6896,40.4888,40.4888,40.4888,53
54,20.1456,32.3448,33.576,37.324,41.1368,41.1368,41.1368,54
55,20.516,32.9576,34.1936,37.9592,41.8016,41.8016,41.8016,55
56,20.8848,33.576,34.8072,38.588,42.4728,42.4728,42.4728,56
57,21.2576,34.1936,35.4296,39.2176,43.156,43.156,43.156,57
58,21.6784,34.8664,36.1312,41.912,47.6928,47.6928,47.6928,58
59,22.108,35.5568,36.8464,42.5152,48.184,48.184,48.184,59
60,22.5296,36.2344,37.5488,43.3256,49.1024,49.1024,49.1024,60
61,22.9584,36.9248,38.264,43.9328,49.6016,49.6016,49.6016,61
62,23.38,37.6024,38.9664,44.7392,50.512,50.512,50.512,62
63,23.8088,38.292,39.6808,45.3496,51.0184,51.0184,51.0184,63
64,24.2296,38.9696,40.3832,46.152,51.9216,51.9216,51.9216,64
65,24.6592,39.66,41.0984,46.7672,52.436,52.436,52.436,65
66,24.6912,39.712,41.152,45.4088,52.504,52.504,52.504,66
67,24.7232,39.7632,41.2056,45.468,52.5728,52.5728,52.5728,67
68,24.7552,39.8152,41.2592,45.5272,52.6408,52.6408,52.6408,68
69,24.788,39.868,41.3136,45.5872,52.7104,52.7104,52.7104,69
70,24.82,39.9192,41.3672,45.6464,52.7792,52.7792,52.7792,70
71,24.8528,39.9712,41.4208,45.7056,52.8472,52.8472,52.8472,71
72,24.8848,40.0232,41.4752,45.7656,52.9168,52.9168,52.9168,72
73,24.9176,40.076,41.5296,45.8256,52.9864,52.9864,52.9864,73
74,24.9496,40.128,41.5832,45.8848,53.0544,53.0544,53.0544,74
75,24.9824,40.18,41.6376,45.9448,53.124,53.124,53.124,75
76,25.0152,40.2328,41.692,46.0048,53.1936,53.1936,53.1936,76
77,25.048,40.2856,41.7464,46.0648,53.2624,53.2624,53.2624,77
78,25.0808,40.3376,41.8008,46.1248,53.332,53.332,53.332,78
79,25.1128,40.3904,41.8552,46.1848,53.4016,53.4016,53.4016,79
80,25.1464,40.4432,41.9104,46.2456,53.472,53.472,53.472,80
81,25.1792,40.496,41.9648,46.3056,53.5416,53.5416,53.5416,81
82,25.2112,40.5488,42.0192,46.3664,53.6104,53.6104,53.6104,82
83,25.2448,40.6016,42.0744,46.4272,53.6808,53.6808,53.6808,83
84,25.2776,40.6552,42.1296,46.488,53.7512,53.7512,53.7512,84
85,25.3104,40.7072,42.184,48.0024,53.8208,53.8208,53.8208,85
86,25.3432,40.7608,42.2392,49.5216,53.8912,53.8912,53.8912,86
87,25.3768,40.8144,42.2944,49.5864,53.9616,53.9616,53.9616,87
88,25.4096,40.8672,42.3496,51.1112,54.032,54.032,54.032,88
89,25.4432,40.9208,42.4048,52.6408,54.1024,54.1024,54.1024,89
90,25.476,40.9736,42.46,52.7088,54.1728,54.1728,54.1728,90
91,25.5088,41.0272,42.5152,52.4352,52.4352,52.4352,52.4352,91
92,25.9312,41.7056,43.2184,54.7432,53.3024,53.3024,53.3024,92
93,26.36,42.3952,43.9328,53.8528,52.436,52.436,52.436,93
94,27.2096,43.7624,45.3496,55.2696,53.8528,53.8528,53.8528,94
95,27.632,44.4408,46.0528,56.1272,54.688,54.688,54.688,95
96,28.06,45.1304,46.7672,55.2704,55.2704,55.2704,55.2704,96
97,28.9104,46.4976,48.184,55.2696,55.2696,55.2696,55.2696,97
98,29.3328,47.1768,48.888,56.0776,57.5152,57.5152,57.5152,98
99,29.7608,47.8656,49.6016,55.2704,56.6872,56.6872,56.6872,99
100,29.9008,48.0912,49.8352,56.9544,56.9544,56.9544,56.9544,100
101,30.0408,48.316,50.068,57.2208,58.6512,58.6512,58.6512,101
102,30.1808,48.5408,50.3016,57.4872,58.9248,58.9248,58.9248,102
103,30.3216,48.7672,50.536,57.7552,60.6432,60.6432,60.6432,103
104,30.4624,48.9936,50.7704,59.4736,60.9248,60.9248,60.9248,104
105,30.6112,49.2328,51.0184,58.104,60.9384,60.9384,60.9384,105
106,30.7512,49.4584,51.252,58.3704,61.2176,61.2176,61.2176,106
107,30.892,49.684,51.4864,58.6376,62.928,62.928,62.928,107
108,31.0336,49.912,51.7224,58.9064,63.216,63.216,63.216,108
109,31.1752,50.1408,51.9592,59.176,63.5056,63.5056,63.5056,109
110,31.3184,50.3696,52.1968,59.4464,65.2464,65.2464,65.2464,110
111,31.4616,50.6008,52.436,58.1048,63.7736,63.7736,63.7736,111
112,31.5456,50.736,52.576,58.26,65.3648,65.3648,65.3648,112
113,31.6296,50.8712,52.716,59.84,65.5392,65.5392,65.5392,113
114,31.7144,51.0072,52.8568,60,67.1424,67.1424,67.1424,114
115,31.7992,51.1432,52.9984,61.5928,67.3224,67.3224,67.3224,115
116,31.884,51.28,53.14,61.7576,67.5024,67.5024,67.5024,116
117,31.9688,51.4168,53.2816,61.9216,67.6824,67.6824,67.6824,117
118,32.0544,51.5544,53.424,62.0872,67.8632,67.8632,67.8632,118
119,32.14,51.6912,53.5664,62.2528,68.044,68.044,68.044,119
120,32.2256,51.8296,53.7096,62.4192,68.2256,68.2256,68.2256,120
121,32.312,51.968,53.8528,60.9384,66.6072,66.6072,66.6072,121
122,32.3584,52.0432,53.9304,61.0264,66.7032,66.7032,66.7032,122
123,32.4056,52.1184,54.0088,61.1152,66.8,66.8,66.8,123
124,32.452,52.1936,54.0864,61.2032,66.896,66.896,66.896,124
125,32.4992,52.2688,54.1648,61.292,66.9936,66.9936,66.9936,125
126,32.5456,52.3448,54.2432,61.3808,67.0904,67.0904,67.0904,126
127,32.5928,52.42,54.3216,61.4688,67.1872,67.1872,67.1872,127
128,32.64,52.496,54.4,61.5576,67.284,67.284,67.284,128
129,32.6872,52.572,54.4784,61.6464,67.3808,67.3808,67.3808,129
130,32.7344,52.6472,54.5568,61.7352,67.4784,67.4784,67.4784,130
131,32.7816,52.724,54.636,61.8248,67.576,67.576,67.576,131
132,32.8288,52.7992,54.7144,61.9136,67.6728,67.6728,67.6728,132
133,32.876,52.876,54.7936,62.0032,67.7712,67.7712,67.7712,133
134,32.924,52.952,54.8728,62.0928,67.8688,67.8688,67.8688,134
135,32.9712,53.0288,54.952,62.1824,67.9672,67.9672,67.9672,135
136,33.0184,53.1048,55.0312,62.272,68.0648,68.0648,68.0648,136
137,33.0664,53.1824,55.1112,62.3624,68.164,68.164,68.164,137
138,33.1144,53.2584,55.1904,63.9048,68.2616,68.2616,68.2616,138
139,33.1624,53.336,55.2704,62.356,66.608,66.608,66.608,139
140,33.3728,53.6744,55.6208,62.752,67.0304,67.0304,67.0304,140
141,33.5848,54.0152,55.9744,63.1504,67.456,67.456,67.456,141
142,33.7976,54.3584,56.3296,63.5512,67.884,67.884,67.884,142
143,34.012,54.7032,56.6872,62.356,66.6072,66.6072,66.6072,143
144,34.2936,55.1552,57.156,62.872,67.1584,67.1584,67.1584,144
145,34.4824,55.4592,57.4704,63.2176,67.528,67.528,67.528,145
146,34.8632,56.0712,58.1048,62.356,66.608,66.608,66.608,146
147,35.2856,56.7504,58.8088,63.112,67.4152,67.4152,67.4152,147
148,35.7128,57.4384,59.5216,62.356,66.6072,66.6072,66.6072,148
149,36.136,58.1184,60.2264,63.0944,67.396,67.396,67.396,149
150,36.5632,58.8064,60.9392,62.356,66.608,66.608,66.608,150
151,36.9856,59.4856,61.6432,63.0768,67.3776,67.3776,67.3776,151
152,37.4136,60.1736,62.356,62.356,66.6072,66.6072,66.6072,152
153,37.8368,60.8536,63.0608,63.0608,67.3608,67.3608,67.3608,153
154,38.264,61.5416,63.7736,62.3568,66.608,66.608,66.608,154
155,38.3696,61.7104,63.9488,62.528,66.7912,66.7912,66.7912,155
156,38.4752,61.8808,64.1248,62.7,66.9744,66.9744,66.9744,156
157,38.5808,62.0504,64.3008,62.872,67.1584,67.1584,67.1584,157
158,38.6864,62.2208,64.4776,63.0448,67.3432,67.3432,67.3432,158
159,38.7928,62.392,64.6552,64.6552,67.5288,67.5288,67.5288,159
160,38.9,62.5648,64.8336,64.8336,67.7152,67.7152,67.7152,160
161,39.0072,62.7368,65.012,66.4568,67.9016,67.9016,67.9016,161
162,39.1144,62.9088,65.1904,65.1904,66.6072,66.6072,66.6072,162
163,39.2192,63.0776,65.3656,66.7864,66.7864,66.7864,66.7864,163
164,39.3248,63.248,65.5416,66.9664,66.9664,66.9664,66.9664,164
165,39.4312,63.4184,65.7184,68.576,67.1472,67.1472,67.1472,165
166,39.5368,63.5888,65.8952,68.76,68.76,68.76,68.76,166
167,39.644,63.76,66.0728,70.3816,68.9456,68.9456,68.9456,167
168,39.7504,63.932,66.2504,70.5712,69.1312,69.1312,69.1312,168
169,39.8576,64.104,66.4288,70.7608,69.3168,69.3168,69.3168,169
170,39.9648,64.2768,66.608,69.4424,68.0248,68.0248,68.0248,170
171,39.9728,64.2888,66.6208,69.456,68.0384,68.0384,68.0384,171
172,39.98,64.3016,66.6336,69.4688,68.0512,68.0512,68.0512,172
173,39.988,64.3136,66.6464,69.4824,69.4824,69.4824,69.4824,173
174,39.996,64.3272,66.66,69.4968,69.4968,69.4968,69.4968,174
175,40.004,64.3392,66.6728,70.9288,69.5096,69.5096,69.5096,175
176,40.0112,64.352,66.6856,70.9424,69.5232,69.5232,69.5232,176
177,40.0192,64.364,66.6984,70.956,69.5368,69.5368,69.5368,177
178,40.0272,64.3768,66.712,70.9704,69.5512,69.5512,69.5512,178
179,40.0352,64.3896,66.7248,70.984,69.564,69.564,69.564,179
180,40.0424,64.4016,66.7376,70.9976,70.9976,70.9976,70.9976,180
181,40.0504,64.4144,66.7504,71.0112,71.0112,71.0112,71.0112,181
182,40.0584,64.4272,66.764,71.0256,71.0256,71.0256,71.0256,182
183,40.0664,64.44,66.7768,72.46,71.0392,71.0392,71.0392,183
184,40.0736,64.452,66.7896,72.4736,71.0528,71.0528,71.0528,184
185,40.0816,64.464,66.8024,72.488,71.0664,71.0664,71.0664,185
186,40.0896,64.4776,66.816,72.5024,71.0808,71.0808,71.0808,186
187,40.0976,64.4896,66.8288,72.516,72.516,72.516,72.516,187
188,40.1048,64.5024,66.8416,72.5304,72.5304,72.5304,72.5304,188
189,40.1128,64.5152,66.8552,72.5448,72.5448,72.5448,72.5448,189
190,40.1208,64.528,66.868,72.5592,72.5592,72.5592,72.5592,190
191,40.1288,64.54,66.8808,72.5728,72.5728,72.5728,72.5728,191
192,40.136,64.552,66.8936,72.5864,72.5864,72.5864,72.5864,192
193,40.144,64.5656,66.9072,72.6016,72.6016,72.6016,72.6016,193
194,40.152,64.5776,66.92,72.6152,74.0392,74.0392,74.0392,194
195,40.16,64.5904,66.9328,72.6296,74.0536,74.0536,74.0536,195
196,40.168,64.6032,66.9464,72.644,74.068,74.068,74.068,196
197,40.1752,64.616,66.9592,72.6576,74.0824,74.0824,74.0824,197
198,40.1832,64.628,66.972,72.672,74.0968,74.0968,74.0968,198
199,40.1912,64.6408,66.9856,72.6864,74.112,74.112,74.112,199
200,40.1992,64.6536,66.9984,74.1256,74.1256,74.1256,74.1256,200
201,40.2064,64.6656,67.0112,74.14,75.5656,75.5656,75.5656,201
202,40.2152,64.6792,67.0248,74.1552,75.5808,75.5808,75.5808,202
203,40.2224,64.6912,67.0376,74.1696,75.5952,75.5952,75.5952,203
204,40.2304,64.704,67.0504,74.1832,75.6104,75.6104,75.6104,204
205,40.2384,64.7168,67.064,74.1984,75.6256,75.6256,75.6256,205
206,40.2464,64.7288,67.0768,74.2128,75.64,75.64,75.64,206
207,40.2536,64.7416,67.0896,74.2264,77.0816,77.0816,77.0816,207
208,40.2616,64.7544,67.1032,74.2416,77.0976,77.0976,77.0976,208
209,40.2696,64.7672,67.116,74.256,77.112,77.112,77.112,209
210,40.2776,64.7792,67.1288,74.2704,77.1264,77.1264,77.1264,210
211,40.2856,64.7928,67.1424,74.2856,77.1424,77.1424,77.1424,211
212,40.2928,64.8048,67.1552,74.2992,77.1568,77.1568,77.1568,212
213,40.3008,64.8168,67.168,74.3136,78.6008,78.6008,78.6008,213
214,40.3088,64.8304,67.1816,74.3288,78.6168,78.6168,78.6168,214
215,40.3168,64.8424,67.1944,74.3424,78.632,78.632,78.632,215
216,40.3248,64.856,67.208,74.3576,78.648,78.648,78.648,216
217,40.3328,64.868,67.2208,74.372,78.6624,78.6624,78.6624,217
218,40.34,64.8808,67.2336,74.3864,78.6776,78.6776,78.6776,218
219,40.348,64.8936,67.2472,74.4008,78.6936,78.6936,78.6936,219
220,40.356,64.9056,67.26,74.4152,78.7088,78.7088,78.7088,220
221,40.364,64.9184,67.2728,74.4296,78.7232,78.7232,78.7232,221
222,40.372,64.9312,67.2864,74.4448,78.7392,78.7392,78.7392,222
223,40.3792,64.944,67.2992,74.4584,78.7544,78.7544,78.7544,223
224,40.388,64.9568,67.3128,74.4736,78.7704,78.7704,78.7704,224
225,40.3952,64.9696,67.3256,74.488,78.7856,78.7856,78.7856,225
226,40.4032,64.9816,67.3384,74.5024,78.8,78.8,78.8,226
227,40.4112,64.9944,67.352,74.5168,78.816,78.816,78.816,227
228,40.4192,65.0072,67.3648,74.5312,78.8312,78.8312,78.8312,228
229,40.4272,65.02,67.3784,74.5464,78.8472,78.8472,78.8472,229
230,40.4344,65.0328,67.3912,74.5608,78.8624,78.8624,78.8624,230
231,40.4432,65.0456,67.4048,74.5752,78.8776,78.8776,78.8776,231
232,40.4504,65.0576,67.4176,74.5896,78.8928,78.8928,78.8928,232
233,40.4584,65.0704,67.4304,74.604,78.908,78.908,78.908,233
234,40.4664,65.0832,67.444,74.6192,78.924,78.924,78.924,234
235,40.4744,65.096,67.4568,74.6328,78.9392,78.9392,78.9392,235
236,40.4824,65.1088,67.4704,74.648,78.9544,78.9544,78.9544,236
237,40.4896,65.1216,67.4832,74.6624,78.9696,78.9696,78.9696,237
238,40.4984,65.1344,67.4968,74.6776,78.9856,78.9856,78.9856,238
239,40.5056,65.1464,67.5096,74.6912,79.0008,79.0008,79.0008,239
240,40.5136,65.1592,67.5224,74.7056,79.0152,79.0152,79.0152,240
241,40.5216,65.172,67.536,74.7208,79.0312,79.0312,79.0312,241
242,40.5296,65.1848,67.5488,74.7352,79.0464,79.0464,79.0464,242
243,40.5376,65.1976,67.5624,74.7496,79.0624,79.0624,79.0624,243
244,40.5448,65.2104,67.5752,74.764,79.0776,79.0776,79.0776,244
245,40.5536,65.2232,67.5888,74.7792,79.0936,79.0936,79.0936,245
246,40.5608,65.2352,67.6016,74.7936,79.108,79.108,79.108,246
247,40.5688,65.2488,67.6152,74.808,79.124,79.124,79.124,247
248,40.5768,65.2608,67.628,74.8224,79.1392,79.1392,79.1392,248
249,40.5848,65.2744,67.6416,74.8376,79.1552,79.1552,79.1552,249
250,40.5928,65.2864,67.6544,74.852,79.1704,79.1704,79.1704,250
251,40.6008,65.3,67.668,74.8664,79.1856,79.1856,79.1856,251
252,40.6088,65.312,67.6808,74.8808,79.2008,79.2008,79.2008,252
253,40.6168,65.3248,67.6944,74.896,79.2168,79.2168,79.2168,253
254,40.624,65.3376,67.7072,74.9104,79.232,79.232,79.232,254
255,40.6328,65.3504,67.7208,74.9248,79.248,79.248,79.248,255
256,40.64,65.3632,67.7336,74.9392,79.2624,79.2624,79.2624,256
257,40.648,65.376,67.7472,74.9544,79.2784,79.2784,79.2784,257
258,40.656,65.3888,67.76,74.9688,79.2936,79.2936,79.2936,258
259,40.664,65.4016,67.7736,74.9832,79.3096,79.3096,79.3096,259
260,40.672,65.4136,67.7864,74.9976,79.3248,79.3248,79.3248,260
261,40.68,65.4272,67.8,75.0128,79.3408,79.3408,79.3408,261
262,40.688,65.4392,67.8128,75.0272,79.3552,79.3552,79.3552,262
263,40.696,65.4528,67.8264,75.0416,79.3712,79.3712,79.3712,263
264,40.7032,65.4648,67.8392,75.056,79.3864,79.3864,79.3864,264
265,40.712,65.4776,67.8528,75.0712,79.4024,79.4024,79.4024,265
266,40.7192,65.4904,67.8656,75.0856,79.4168,79.4168,79.4168,266
267,40.7272,65.5032,67.8792,75.1,79.4328,79.4328,79.4328,267
268,40.7352,65.516,67.892,75.1144,79.448,79.448,79.448,268
269,40.7432,65.5288,67.9056,75.1296,79.464,79.464,79.464,269
270,40.7512,65.5424,67.9192,75.1448,79.48,79.48,79.48,270
271,40.7592,65.5544,67.932,75.1592,79.4952,79.4952,79.4952,271
272,40.7672,65.5672,67.9456,75.1736,79.5112,79.5112,79.5112,272
273,40.7752,65.58,67.9584,75.188,79.5256,79.5256,79.5256,273
274,40.7832,65.5928,67.972,75.2032,79.5416,79.5416,79.5416,274
275,40.7912,65.6056,67.9848,75.2176,79.5568,79.5568,79.5568,275
276,40.7992,65.6184,67.9984,75.232,79.5728,79.5728,79.5728,276
277,40.8064,65.6312,68.0112,75.2464,79.5872,79.5872,79.5872,277
278,40.8152,65.644,68.0248,73.6936,77.9448,77.9448,77.9448,278
279,40.892,65.7672,68.1528,73.832,78.092,78.092,78.092,279
280,40.968,65.8904,68.28,73.9704,78.2376,78.2376,78.2376,280
281,41.0456,66.0144,68.4088,74.1096,78.3848,78.3848,78.3848,281
282,41.1224,66.1384,68.5368,74.248,78.532,78.532,78.532,282
283,41.1992,66.2624,68.6656,74.388,78.6792,78.6792,78.6792,283
284,41.2768,66.3864,68.7944,74.5272,78.8272,78.8272,78.8272,284
285,41.3536,66.5112,68.9232,74.6672,78.9744,78.9744,78.9744,285
286,41.432,66.636,69.0528,74.8072,79.1232,79.1232,79.1232,286
287,41.5096,66.7608,69.1824,74.948,79.2712,79.2712,79.2712,287
288,41.5872,66.8864,69.312,75.088,79.42,79.42,79.42,288
289,41.6656,67.012,69.4424,73.6936,77.9456,77.9456,77.9456,289
290,41.9464,67.464,69.9112,74.1912,78.472,78.472,78.472,290
291,42.2304,67.9208,70.384,74.6936,80.4392,80.4392,80.4392,291
292,42.5152,68.3792,70.8592,73.6936,79.3624,79.3624,79.3624,292
293,42.8024,68.8408,71.3376,74.1912,79.8984,79.8984,79.8984,293
294,43.092,69.3064,71.82,74.6928,80.4384,80.4384,80.4384,294
295,43.3656,69.7464,72.276,73.6928,79.3616,79.3616,79.3616,295
296,43.7888,70.4272,72.9816,74.4128,80.1368,80.1368,80.1368,296
297,44.216,71.1144,73.6936,73.6936,79.3624,79.3624,79.3624,297
298,44.5144,71.5944,74.1912,74.1912,79.8984,79.8984,79.8984,298
299,44.816,72.0784,74.6928,74.6928,80.4384,80.4384,80.4384,299
300,45.0664,72.4816,75.1104,75.1104,79.3616,79.3616,79.3616,300
301,45.2352,72.7536,75.392,75.392,79.6592,79.6592,79.6592,301
302,45.4048,73.0256,75.6744,75.6744,79.9576,79.9576,79.9576,302
303,45.5744,73.2992,75.9576,75.9576,80.2568,80.2568,80.2568,303
304,45.7456,73.5736,76.2424,76.2424,80.5584,80.5584,80.5584,304
305,45.9168,73.8496,76.528,76.528,80.7792,80.7792,80.7792,305
306,45.928,73.868,76.5472,76.5472,80.8,80.8,80.8,306
307,45.94,73.8864,76.5664,76.5664,80.82,80.82,80.82,307
308,45.9512,73.9048,76.5856,76.5856,80.84,80.84,80.84,308
309,45.9632,73.924,76.6048,76.6048,80.8608,80.8608,80.8608,309
310,45.9744,73.9424,76.624,76.624,80.8808,80.8808,80.8808,310
311,45.9856,73.9608,76.6432,76.6432,80.9008,80.9008,80.9008,311
312,45.9976,73.9792,76.6624,76.6624,80.9216,80.9216,80.9216,312
313,46.0088,73.9976,76.6816,76.6816,80.9416,80.9416,80.9416,313
314,46.0208,74.0168,76.7016,76.7016,80.9632,80.9632,80.9632,314
315,46.0328,74.0352,76.7208,76.7208,80.9832,80.9832,80.9832,315
316,46.044,74.0544,76.74,76.74,81.0032,81.0032,81.0032,316
317,46.0552,74.0728,76.7592,78.1808,81.024,81.024,81.024,317
318,46.0672,74.0912,76.7784,78.2,81.044,81.044,81.044,318
319,46.0784,74.1096,76.7976,78.22,82.4864,82.4864,82.4864,319
320,46.0904,74.128,76.8168,78.2392,82.5072,82.5072,82.5072,320
321,46.1016,74.1464,76.836,78.2592,82.5272,82.5272,82.5272,321
322,46.1136,74.1664,76.856,78.2792,82.5488,82.5488,82.5488,322
323,46.1248,74.1848,76.8752,78.2992,82.5696,82.5696,82.5696,323
324,46.1368,74.2032,76.8944,78.3184,82.5904,82.5904,82.5904,324
325,46.148,74.2216,76.9136,79.7624,82.6112,82.6112,82.6112,325
326,46.16,74.24,76.9328,79.7824,82.6312,82.6312,82.6312,326
327,46.1712,74.2584,76.952,79.8024,82.652,82.652,82.652,327
328,46.1832,74.2776,76.972,79.8232,82.6736,82.6736,82.6736,328
329,46.1944,74.2968,76.9912,79.8424,82.6944,82.6944,82.6944,329
330,46.2064,74.3152,77.0104,79.8624,82.7152,82.7152,82.7152,330
331,46.2176,74.3336,77.0296,79.8824,82.7352,82.7352,82.7352,331
332,46.2296,74.352,77.0488,79.9024,84.1832,84.1832,84.1832,332
333,46.2416,74.3712,77.0688,81.3504,84.2048,84.2048,84.2048,333
334,46.2528,74.3896,77.088,81.3704,84.2256,84.2256,84.2256,334
335,46.264,74.4088,77.1072,81.3912,84.2464,84.2464,84.2464,335
336,46.276,74.4272,77.1264,81.4112,84.268,84.268,84.268,336
337,46.2872,74.4456,77.1456,81.4312,84.2888,84.2888,84.2888,337
338,46.2992,74.4648,77.1656,81.4528,84.3104,84.3104,84.3104,338
339,46.3112,74.4832,77.1848,81.4728,84.3312,84.3312,84.3312,339
340,46.3224,74.5016,77.204,81.4928,84.3528,84.3528,84.3528,340
341,46.3336,74.52,77.2232,81.5136,84.3736,84.3736,84.3736,341
342,46.3456,74.54,77.2432,81.5344,84.3952,84.3952,84.3952,342
343,46.3576,74.5584,77.2624,81.5544,84.416,84.416,84.416,343
344,46.3688,74.5768,77.2816,81.5752,84.4376,84.4376,84.4376,344
345,46.3808,74.596,77.3016,81.596,84.4592,84.4592,84.4592,345
346,46.3928,74.6144,77.3208,83.048,85.912,85.912,85.912,346
347,46.404,74.6328,77.34,83.0688,85.9336,85.9336,85.9336,347
348,46.4152,74.652,77.3592,83.0896,85.9544,85.9544,85.9544,348
349,46.4272,74.6712,77.3792,83.1112,85.9768,85.9768,85.9768,349
350,46.4392,74.6896,77.3984,83.132,85.9984,85.9984,85.9984,350
351,46.4504,74.708,77.4176,83.152,86.0192,86.0192,86.0192,351
352,46.4624,74.7272,77.4376,83.1736,86.0416,86.0416,86.0416,352
353,46.4744,74.7456,77.4568,83.1944,86.0632,86.0632,86.0632,353
354,46.4856,74.764,77.476,83.2152,86.0848,86.0848,86.0848,354
355,46.4976,74.784,77.496,83.2368,86.1064,86.1064,86.1064,355
356,46.5088,74.8024,77.5152,83.2568,86.128,86.128,86.128,356
357,46.5208,74.8208,77.5344,83.2776,86.1496,86.1496,86.1496,357
358,46.5328,74.84,77.5544,83.2992,86.1712,86.1712,86.1712,358
359,46.544,74.8584,77.5736,83.32,87.6296,87.6296,87.6296,359
360,46.556,74.8776,77.5936,83.3416,87.652,87.652,87.652,360
361,46.568,74.896,77.6128,83.3616,87.6736,87.6736,87.6736,361
362,46.5792,74.9152,77.632,83.3824,87.6952,87.6952,87.6952,362
363,46.5912,74.9344,77.652,83.404,87.7184,87.7184,87.7184,363
364,46.6024,74.9528,77.6712,84.8632,87.74,87.74,87.74,364
365,46.6144,74.972,77.6912,84.8848,87.7624,87.7624,87.7624,365
366,46.6264,74.9904,77.7104,84.9056,87.784,87.784,87.784,366
367,46.6376,75.0088,77.7296,84.9264,87.8056,87.8056,87.8056,367
368,46.6496,75.028,77.7496,84.9488,87.828,87.828,87.828,368
369,46.6616,75.0472,77.7688,84.9696,87.8496,87.8496,87.8496,369
370,46.6736,75.0664,77.7888,84.9912,87.8728,87.8728,87.8728,370
371,46.6848,75.0848,77.808,85.0128,87.8944,87.8944,87.8944,371
372,46.6968,75.104,77.828,85.0344,87.9168,87.9168,87.9168,372
373,46.708,75.1224,77.8472,85.0552,87.9384,87.9384,87.9384,373
374,46.72,75.1408,77.8664,85.076,87.96,87.96,87.96,374
375,46.732,75.16,77.8864,85.0984,87.9824,87.9824,87.9824,375
376,46.7432,75.1792,77.9056,85.1192,88.0048,88.0048,88.0048,376
377,46.7552,75.1984,77.9256,85.1408,88.0272,88.0272,88.0272,377
378,46.7672,75.2168,77.9448,83.6136,86.448,86.448,86.448,378
379,46.888,75.4112,78.1464,83.8296,86.6712,86.6712,86.6712,379
380,47.008,75.6048,78.3472,84.0448,86.8944,86.8944,86.8944,380
381,47.1296,75.8,78.5496,84.2624,87.1184,87.1184,87.1184,381
382,47.2512,75.996,78.752,85.9112,87.3432,87.3432,87.3432,382
383,47.3728,76.1912,78.9544,86.132,87.568,87.568,87.568,383
384,47.4952,76.388,79.1584,86.3544,87.7936,87.7936,87.7936,384
385,47.6176,76.5848,79.3624,85.0312,86.448,86.448,86.448,385
386,47.6776,76.6816,79.4624,85.1384,86.5576,86.5576,86.5576,386
387,47.7376,76.7784,79.5632,85.2464,86.6672,86.6672,86.6672,387
388,47.7984,76.876,79.664,85.3544,86.7768,86.7768,86.7768,388
389,47.8592,76.9728,79.7648,85.4624,86.8864,86.8864,86.8864,389
390,47.9192,77.0704,79.8656,85.5704,86.9968,86.9968,86.9968,390
391,47.98,77.1672,79.9664,85.6784,87.1064,87.1064,87.1064,391
392,48.0408,77.2656,80.068,85.7872,87.2168,87.2168,87.2168,392
393,48.1016,77.3632,80.1688,85.8952,87.3264,87.3264,87.3264,393
394,48.1624,77.4608,80.2704,86.004,87.4376,87.4376,87.4376,394
395,48.2232,77.5592,80.372,86.1128,87.548,87.548,87.548,395
396,48.284,77.6568,80.4736,86.2216,87.6584,87.6584,87.6584,396
397,48.3448,77.7552,80.5752,86.3304,87.7696,87.7696,87.7696,397
398,48.4064,77.8536,80.6776,86.44,87.8808,87.8808,87.8808,398
399,48.4672,77.952,80.7792,85.0304,86.448,86.448,86.448,399
400,48.5728,78.1216,80.9552,86.636,86.636,86.636,86.636,400
401,48.6784,78.292,81.1312,86.8248,86.8248,86.8248,86.8248,401
402,48.7848,78.4624,81.308,87.0136,87.0136,87.0136,87.0136,402
403,48.8912,78.6328,81.4848,87.2032,87.2032,87.2032,87.2032,403
404,48.9976,78.804,81.6624,87.3928,87.3928,87.3928,87.3928,404
405,49.104,78.976,81.84,87.5832,87.5832,87.5832,87.5832,405
406,49.2112,79.148,82.0184,87.7744,87.7744,87.7744,87.7744,406
407,49.3184,79.32,82.1968,86.448,86.448,86.448,86.448,407
408,49.412,79.4704,82.3528,86.6128,86.6128,86.6128,86.6128,408
409,49.5056,79.6216,82.5096,86.7776,86.7776,86.7776,86.7776,409
410,49.6,79.7728,82.6664,86.9424,86.9424,86.9424,86.9424,410
411,49.6936,79.924,82.8232,87.1072,87.1072,87.1072,87.1072,411
412,49.7888,80.0768,82.9808,87.2728,87.2728,87.2728,87.2728,412
413,49.8832,80.2288,83.1384,87.4384,87.4384,87.4384,87.4384,413
414,49.9784,80.3816,83.2968,87.6056,87.6056,87.6056,87.6056,414
415,50.0728,80.5344,83.4552,87.772,87.772,87.772,87.772,415
416,50.168,80.6872,83.6136,86.448,86.448,86.448,86.448,416
417,50.2888,80.8816,83.8152,86.656,86.656,86.656,86.656,417
418,50.4096,81.0752,84.016,88.288,88.288,88.288,88.288,418
419,50.5312,81.2704,84.2184,88.5008,88.5008,88.5008,88.5008,419
420,50.6528,81.4664,84.4208,88.7136,88.7136,88.7136,88.7136,420
421,50.7744,81.6624,84.624,88.9272,88.9272,88.9272,88.9272,421
422,50.896,81.8584,84.8272,89.1408,89.1408,89.1408,89.1408,422
423,51.0184,82.0552,85.0312,87.8656,87.8656,87.8656,87.8656,423
424,51.1592,82.2816,85.2656,88.108,88.108,88.108,88.108,424
425,51.3008,82.508,85.5008,88.3512,88.3512,88.3512,88.3512,425
426,51.4424,82.736,85.7368,88.5944,88.5944,88.5944,88.5944,426
427,51.584,82.9648,85.9736,88.8392,88.8392,88.8392,88.8392,427
428,51.7264,83.1928,86.2104,89.084,89.084,89.084,89.084,428
429,51.8688,83.4224,86.448,87.8648,87.8648,87.8648,87.8648,429
430,52.08,83.7624,86.8,88.2232,88.2232,88.2232,88.2232,430
431,52.292,84.1032,87.1536,88.5824,88.5824,88.5824,88.5824,431
432,52.5056,84.4456,87.5088,88.9432,88.9432,88.9432,88.9432,432
433,52.7192,84.7904,87.8656,87.8656,87.8656,87.8656,87.8656,433
434,52.9336,85.1352,88.2232,88.2232,88.2232,88.2232,88.2232,434
435,53.1496,85.4824,88.5824,90.0112,90.0112,90.0112,90.0112,435
436,53.3656,85.8304,88.9432,90.3776,90.3776,90.3776,90.3776,436
437,53.5696,86.1576,89.2824,89.2824,89.2824,89.2824,89.2824,437
438,53.6904,86.352,89.484,89.484,89.484,89.484,89.484,438
439,53.8112,86.5464,89.6856,89.6856,89.6856,89.6856,89.6856,439
440,53.932,86.7408,89.8872,89.8872,89.8872,89.8872,89.8872,440
441,54.0536,86.9368,90.0896,90.0896,90.0896,90.0896,90.0896,441
442,54.176,87.1328,90.2928,90.2928,90.2928,90.2928,90.2928,442
443,54.2976,87.3288,90.496,90.496,90.496,90.496,90.496,443
444,54.42,87.5256,90.7,90.7,90.7,90.7,90.7,444
445,54.5608,87.752,90.9344,90.9344,90.9344,90.9344,90.9344,445
446,54.7016,87.9784,91.1696,91.1696,91.1696,91.1696,91.1696,446
447,54.8432,88.2064,91.4056,91.4056,91.4056,91.4056,91.4056,447
448,54.9856,88.4352,91.6424,91.6424,91.6424,91.6424,91.6424,448
449,55.1272,88.6632,91.8792,91.8792,91.8792,91.8792,91.8792,449
450,55.2704,88.8928,92.1168,92.1168,92.1168,92.1168,92.1168,450
451,55.3912,89.0872,92.3184,92.3184,92.3184,92.3184,92.3184,451
452,55.512,89.2816,92.52,92.52,92.52,92.52,92.52,452
453,55.6328,89.476,92.7216,92.7216,92.7216,92.7216,92.7216,453
454,55.7544,89.672,92.924,92.924,92.924,92.924,92.924,454
455,55.876,89.868,93.1272,93.1272,93.1272,93.1272,93.1272,455
456,55.9984,90.064,93.3304,93.3304,93.3304,93.3304,93.3304,456
457,56.1208,90.2608,93.5344,93.5344,93.5344,93.5344,93.5344,457
458,56.2616,90.4872,93.7688,93.7688,93.7688,93.7688,93.7688,458
459,56.4024,90.7136,94.004,94.004,94.004,94.004,94.004,459
460,56.544,90.9416,94.24,94.24,94.24,94.24,94.24,460
461,56.6864,91.1704,94.4768,94.4768,94.4768,94.4768,94.4768,461
462,56.828,91.3984,94.7136,94.7136,94.7136,94.7136,94.7136,462
463,56.9704,91.628,94.9512,94.9512,94.9512,94.9512,94.9512,463
464,57.8216,92.996,96.3688,96.3688,96.3688,96.3688,96.3688,464
465,58.2448,93.6768,97.0744,97.0744,97.0744,97.0744,97.0744,465
466,58.6712,94.3632,97.7856,97.7856,97.7856,97.7856,97.7856,466
467,59.5216,95.7312,99.2032,99.2032,99.2032,99.2032,99.2032,467
468,59.9456,96.412,99.9088,99.9088,99.9088,99.9088,99.9088,468
469,60.372,97.0984,100.62,100.62,100.62,100.62,100.62,469
470,61.2224,98.4664,102.0376,102.0376,102.0376,102.0376,102.0376,470
471,61.6456,99.1472,102.7432,102.7432,102.7432,102.7432,102.7432,471
472,62.0728,99.8336,103.4544,103.4544,103.4544,103.4544,103.4544,472
473,62.9232,101.2016,104.872,104.872,104.872,104.872,104.872,473
474,63.3464,101.8824,105.5776,105.5776,105.5776,105.5776,105.5776,474
475,63.7736,102.5688,106.2888,106.2888,106.2888,106.2888,106.2888,475
476,64.6232,103.936,107.7056,107.7056,107.7056,107.7056,107.7056,476
477,65.0472,104.6176,108.412,108.412,108.412,108.412,108.412,477
478,65.4736,105.304,109.1232,109.1232,109.1232,109.1232,109.1232,478
479,66.324,106.6712,110.54,110.54,110.54,110.54,110.54,479
480,66.748,107.3528,111.2464,111.2464,111.2464,111.2464,111.2464,480
481,67.1744,108.0392,111.9576,111.9576,111.9576,111.9576,111.9576,481
482,68.0248,109.4064,113.3744,113.3744,113.3744,113.3744,113.3744,482
483,68.8752,110.7744,114.792,114.792,114.792,114.792,114.792,483
484,69.2992,111.456,115.4984,115.4984,115.4984,115.4984,115.4984,484
485,69.7256,112.1416,116.2088,116.2088,116.2088,116.2088,116.2088,485
486,70.576,113.5096,117.6264,117.6264,117.6264,117.6264,117.6264,486
487,71.4256,114.8768,119.0432,119.0432,119.0432,119.0432,119.0432,487
488,72.2768,116.2448,120.4608,120.4608,120.4608,120.4608,120.4608,488
489,72.7,116.9264,121.1672,121.1672,121.1672,121.1672,121.1672,489
490,73.1264,117.612,121.8776,121.8776,121.8776,121.8776,121.8776,490
491,73.9768,118.98,123.2952,123.2952,123.2952,123.2952,123.2952,491
492,74.8272,120.3472,124.712,124.712,124.712,124.712,124.712,492
493,75.6776,121.7152,126.1296,126.1296,126.1296,126.1296,126.1296,493
494,76.1016,122.3968,126.836,126.836,126.836,126.836,126.836,494
495,76.528,123.0824,127.5464,127.5464,127.5464,127.5464,127.5464,495
496,77.3784,124.4504,128.964,128.964,128.964,128.964,128.964,496
497,78.2288,125.8176,130.3808,130.3808,130.3808,130.3808,130.3808,497
498,79.0792,127.1856,131.7984,131.7984,131.7984,131.7984,131.7984,498
499,79.9288,128.5528,133.2152,133.2152,133.2152,133.2152,133.2152,499
500,80.78,129.9208,134.6328,134.6328,134.6328,134.6328,134.6328,500
501,81.2032,130.6024,135.3392,135.3392,135.3392,135.3392,135.3392,501
502,81.6296,131.288,136.0496,136.0496,136.0496,136.0496,136.0496,502
503,82.48,132.656,137.4672,137.4672,137.4672,137.4672,137.4672,503
504,83.3304,134.0232,138.884,138.884,138.884,138.884,138.884,504
505,84.1808,135.3912,140.3016,140.3016,140.3016,140.3016,140.3016,505
506,85.0312,136.7584,141.7184,141.7184,141.7184,141.7184,141.7184,506
507,85.8808,138.1256,143.1352,143.1352,143.1352,143.1352,143.1352,507
508,86.732,139.4936,144.5528,144.5528,144.5528,144.5528,144.5528,508
509,87.5816,140.8608,145.9696,145.9696,145.9696,145.9696,145.9696,509
510,88.432,142.2288,147.3872,147.3872,147.3872,147.3872,147.3872,510
511,89.2824,143.596,148.804,148.804,148.804,148.804,148.804,511
512,90.1328,144.964,150.2216,150.2216,150.2216,150.2216,150.2216,512
513,90.9832,146.3312,151.6384,151.6384,151.6384,151.6384,151.6384,513
514,91.8336,147.6992,153.056,153.056,153.056,153.056,153.056,514
515,92.684,149.0664,154.4728,154.4728,154.4728,154.4728,154.4728,515
516,93.5344,150.4344,155.8904,155.8904,155.8904,155.8904,155.8904,516
517,94.384,151.8016,157.3072,157.3072,157.3072,157.3072,157.3072,517
518,95.2352,153.1696,158.7248,158.7248,158.7248,158.7248,158.7248,518
519,96.0848,154.5368,160.1416,160.1416,160.1416,160.1416,160.1416,519
520,96.9352,155.9048,161.5592,161.5592,161.5592,161.5592,161.5592,520
521,97.7856,157.272,162.976,162.976,162.976,162.976,162.976,521
522,98.636,158.64,164.3936,164.3936,164.3936,164.3936,164.3936,522
523,99.4864,160.0072,165.8104,165.8104,165.8104,165.8104,165.8104,523
524,100.3368,161.3752,167.228,167.228,167.228,167.228,167.228,524
525,101.1872,162.7424,168.6448,168.6448,168.6448,168.6448,168.6448,525
526,102.8872,165.4776,171.4792,171.4792,171.4792,171.4792,171.4792,526
527,103.7384,166.8456,172.8968,172.8968,172.8968,172.8968,172.8968,527
528,104.588,168.2128,174.3136,174.3136,174.3136,174.3136,174.3136,528
529,105.4384,169.5808,175.7312,175.7312,175.7312,175.7312,175.7312,529
530,106.2888,170.948,177.148,177.148,177.148,177.148,177.148,530
531,107.1392,172.3152,178.5648,178.5648,178.5648,178.5648,178.5648,531
532,107.9896,173.6832,179.9824,179.9824,179.9824,179.9824,179.9824,532
533,109.6904,176.4184,182.8168,182.8168,182.8168,182.8168,182.8168,533
534,110.54,177.7856,184.2336,184.2336,184.2336,184.2336,184.2336,534
535,111.3904,179.1536,185.6512,185.6512,185.6512,185.6512,185.6512,535
536,112.2408,180.5208,187.068,187.068,187.068,187.068,187.068,536
537,113.9416,183.256,189.9024,189.9024,189.9024,189.9024,189.9024,537
538,114.792,184.624,191.32,191.32,191.32,191.32,191.32,538
539,115.6424,185.9912,192.7368,192.7368,192.7368,192.7368,192.7368,539
540,116.4928,187.3592,194.1544,194.1544,194.1544,194.1544,194.1544,540
541,118.1936,190.0944,196.9888,196.9888,196.9888,196.9888,196.9888,541
542,119.0432,191.4616,198.4056,198.4056,198.4056,198.4056,198.4056,542
543,119.8936,192.8296,199.8232,199.8232,199.8232,199.8232,199.8232,543
544,121.5944,195.5648,202.6576,202.6576,202.6576,202.6576,202.6576,544
545,122.4448,196.932,204.0744,204.0744,204.0744,204.0744,204.0744,545
546,123.2952,198.3,205.492,205.492,205.492,205.492,205.492,546
547,124.996,201.0352,208.3264,208.3264,208.3264,208.3264,208.3264,547
548,125.8456,202.4024,209.7432,209.7432,209.7432,209.7432,209.7432,548
549,126.6968,203.7704,211.1608,211.1608,211.1608,211.1608,211.1608,549
550,128.3968,206.5048,213.9944,213.9944,213.9944,213.9944,213.9944,550
551,129.2472,207.8728,215.412,215.412,215.412,215.412,215.412,551
552,130.948,210.608,218.2464,218.2464,218.2464,218.2464,218.2464,552
553,131.7976,211.9752,219.6632,219.6632,219.6632,219.6632,219.6632,553
554,132.6488,213.3432,221.0808,221.0808,221.0808,221.0808,221.0808,554
555,134.3488,216.0784,223.9152,223.9152,223.9152,223.9152,223.9152,555
556,135.1992,217.4456,225.332,225.332,225.332,225.332,225.332,556
557,136.9,220.1808,228.1664,228.1664,228.1664,228.1664,228.1664,557
558,137.7504,221.5488,229.584,229.584,229.584,229.584,229.584,558
559,139.4512,224.284,232.4184,232.4184,232.4184,232.4184,232.4184,559
560,140.3008,225.6512,233.8352,233.8352,233.8352,233.8352,233.8352,560
561,142.0016,228.3864,236.6696,236.6696,236.6696,236.6696,236.6696,561
562,143.7024,231.1216,239.504,239.504,239.504,239.504,239.504,562
563,144.5528,232.4896,240.9216,240.9216,240.9216,240.9216,240.9216,563
564,146.2536,235.2248,243.756,243.756,243.756,243.756,243.756,564
565,147.104,236.592,245.1728,245.1728,245.1728,245.1728,245.1728,565
566,148.804,239.3272,248.0072,248.0072,248.0072,248.0072,248.0072,566
567,150.5048,242.0624,250.8416,250.8416,250.8416,250.8416,250.8416,567
568,151.3552,243.4296,252.2584,252.2584,252.2584,252.2584,252.2584,568
569,153.056,246.1648,255.0928,255.0928,255.0928,255.0928,255.0928,569
570,154.756,248.9,257.9272,257.9272,257.9272,257.9272,257.9272,570
571,155.6072,250.268,259.3448,259.3448,259.3448,259.3448,259.3448,571
572,157.3072,253.0032,262.1792,262.1792,262.1792,262.1792,262.1792,572
573,159.008,255.7384,265.0136,265.0136,265.0136,265.0136,265.0136,573
574,159.8584,257.1056,266.4304,266.4304,266.4304,266.4304,266.4304,574
575,161.5592,259.8408,269.2648,269.2648,269.2648,269.2648,269.2648,575
576,163.2592,262.576,272.0992,272.0992,272.0992,272.0992,272.0992,576
577,164.96,265.3112,274.9336,274.9336,274.9336,274.9336,274.9336,577
578,166.6608,268.0464,277.768,277.768,277.768,277.768,277.768,578
579,167.5112,269.4144,279.1856,279.1856,279.1856,279.1856,279.1856,579
580,169.212,272.1496,282.02,282.02,282.02,282.02,282.02,580
581,170.912,274.884,284.8536,284.8536,284.8536,284.8536,284.8536,581
582,172.6128,277.6192,287.688,287.688,287.688,287.688,287.688,582
583,174.3136,280.3544,290.5224,290.5224,290.5224,290.5224,290.5224,583
584,176.0144,283.0896,293.3568,293.3568,293.3568,293.3568,293.3568,584
585,177.7144,285.8248,296.1912,296.1912,296.1912,296.1912,296.1912,585
586,179.4152,288.56,299.0256,299.0256,299.0256,299.0256,299.0256,586
587,181.116,291.2952,301.86,301.86,301.86,301.86,301.86,587
588,182.8168,294.0304,304.6944,304.6944,304.6944,304.6944,304.6944,588
589,184.5176,296.7656,307.5288,307.5288,307.5288,307.5288,307.5288,589
590,186.2176,299.5008,310.3632,310.3632,310.3632,310.3632,310.3632,590
591,187.9184,302.236,313.1976,313.1976,313.1976,313.1976,313.1976,591
592,189.6192,304.9712,316.032,316.032,316.032,316.032,316.032,592
593,191.32,307.7064,318.8664,318.8664,318.8664,318.8664,318.8664,593
594,193.0208,310.4416,321.7008,321.7008,321.7008,321.7008,321.7008,594
595,194.7208,313.1768,324.5352,324.5352,324.5352,324.5352,324.5352,595
596,196.4216,315.912,327.3696,327.3696,327.3696,327.3696,327.3696,596
597,198.9728,320.0144,331.6208,331.6208,331.6208,331.6208,331.6208,597
598,200.6728,322.7496,334.4552,334.4552,334.4552,334.4552,334.4552,598
599,202.3736,325.4848,337.2896,337.2896,337.2896,337.2896,337.2896,599
600,204.0744,328.22,340.124,340.124,340.124,340.124,340.124,600
601,205.7752,330.9552,342.9584,342.9584,342.9584,342.9584,342.9584,601
602,208.3264,335.0584,347.2104,347.2104,347.2104,347.2104,347.2104,602
603,210.0272,337.7936,350.0448,350.0448,350.0448,350.0448,350.0448,603
604,211.7272,340.5288,352.8792,352.8792,352.8792,352.8792,352.8792,604
605,214.2784,344.6312,357.1304,357.1304,357.1304,357.1304,357.1304,605
606,215.9792,347.3664,359.9648,359.9648,359.9648,359.9648,359.9648,606
607,217.6792,350.1016,362.7992,362.7992,362.7992,362.7992,362.7992,607
608,220.2304,354.204,367.0504,367.0504,367.0504,367.0504,367.0504,608
609,221.9312,356.9392,369.8848,369.8848,369.8848,369.8848,369.8848,609
610,224.4824,361.0424,374.1368,374.1368,374.1368,374.1368,374.1368,610
611,226.1824,363.7776,376.9712,376.9712,376.9712,376.9712,376.9712,611
612,228.7336,367.88,381.2224,381.2224,381.2224,381.2224,381.2224,612
613,230.4344,370.6152,384.0568,384.0568,384.0568,384.0568,384.0568,613
614,232.9856,374.7176,388.3088,388.3088,388.3088,388.3088,388.3088,614
615,234.6856,377.4528,391.1424,391.1424,391.1424,391.1424,391.1424,615
616,237.2368,381.5552,395.3944,395.3944,395.3944,395.3944,395.3944,616
617,238.9376,384.2904,398.2288,398.2288,398.2288,398.2288,398.2288,617
618,241.488,388.3936,402.48,402.48,402.48,402.48,402.48,618
619,244.0392,392.496,406.732,406.732,406.732,406.732,406.732,619
620,245.74,395.2312,409.5664,409.5664,409.5664,409.5664,409.5664,620
621,248.2904,399.3336,413.8176,413.8176,413.8176,413.8176,413.8176,621
622,250.8416,403.4368,418.0696,418.0696,418.0696,418.0696,418.0696,622
623,253.3928,407.5392,422.3208,422.3208,422.3208,422.3208,422.3208,623
624,255.0928,410.2744,425.1552,425.1552,425.1552,425.1552,425.1552,624
625,257.644,414.3768,429.4064,429.4064,429.4064,429.4064,429.4064,625
626,260.1952,418.48,433.6584,433.6584,433.6584,433.6584,433.6584,626
627,262.7456,422.5824,437.9096,437.9096,437.9096,437.9096,437.9096,627
628,265.2968,426.6856,442.1616,442.1616,442.1616,442.1616,442.1616,628
629,267.848,430.788,446.4128,446.4128,446.4128,446.4128,446.4128,629
630,270.3992,434.8912,450.6648,450.6648,450.6648,450.6648,450.6648,630
631,272.9496,438.9936,454.916,454.916,454.916,454.916,454.916,631
632,275.5008,443.0968,459.168,459.168,459.168,459.168,459.168,632
633,278.0512,447.1992,463.4192,463.4192,463.4192,463.4192,463.4192,633
634,280.6024,451.3016,467.6704,467.6704,467.6704,467.6704,467.6704,634
635,283.1536,455.4048,471.9224,471.9224,471.9224,471.9224,471.9224,635
636,285.704,459.5072,476.1736,476.1736,476.1736,476.1736,476.1736,636
637,288.2552,463.6104,480.4256,480.4256,480.4256,480.4256,480.4256,637
638,290.8064,467.7128,484.6768,484.6768,484.6768,484.6768,484.6768,638
639,293.3576,471.816,488.9288,488.9288,488.9288,488.9288,488.9288,639
640,296.7584,477.2864,494.5976,494.5976,494.5976,494.5976,494.5976,640
641,299.3096,481.3888,498.8488,498.8488,498.8488,498.8488,498.8488,641
642,301.86,485.4912,503.1,503.1,503.1,503.1,503.1,642
643,304.4112,489.5944,507.352,507.352,507.352,507.352,507.352,643
644,307.8128,495.0648,513.0208,513.0208,513.0208,513.0208,513.0208,644
645,310.3632,499.1672,517.272,517.272,517.272,517.272,517.272,645
646,313.7648,504.6376,522.9408,522.9408,522.9408,522.9408,522.9408,646
647,316.316,508.7408,527.1928,527.1928,527.1928,527.1928,527.1928,647
648,319.7168,514.2104,532.8608,532.8608,532.8608,532.8608,532.8608,648
649,322.268,518.3136,537.1128,537.1128,537.1128,537.1128,537.1128,649
650,325.6688,523.784,542.7816,542.7816,542.7816,542.7816,542.7816,650
651,328.22,527.8864,547.0328,547.0328,547.0328,547.0328,547.0328,651
652,331.6208,533.3568,552.7016,552.7016,552.7016,552.7016,552.7016,652
653,334.172,537.46,556.9536,556.9536,556.9536,556.9536,556.9536,653
654,337.5736,542.9304,562.6224,562.6224,562.6224,562.6224,562.6224,654
655,340.9744,548.4,568.2904,568.2904,568.2904,568.2904,568.2904,655
656,344.3752,553.8704,573.9592,573.9592,573.9592,573.9592,573.9592,656
657,346.9264,557.9736,578.2112,578.2112,578.2112,578.2112,578.2112,657
658,350.328,563.444,583.88,583.88,583.88,583.88,583.88,658
659,353.7296,568.9144,589.5488,589.5488,589.5488,589.5488,589.5488,659
660,357.1304,574.3848,595.2176,595.2176,595.2176,595.2176,595.2176,660
661,360.532,579.8552,600.8864,600.8864,600.8864,600.8864,600.8864,661
662,363.9328,585.3248,606.5544,606.5544,606.5544,606.5544,606.5544,662
663,367.3336,590.7952,612.2232,612.2232,612.2232,612.2232,612.2232,663
664,370.7352,596.2656,617.892,617.892,617.892,617.892,617.892,664
665,374.1368,601.736,623.5608,623.5608,623.5608,623.5608,623.5608,665
666,377.5376,607.2064,629.2296,629.2296,629.2296,629.2296,629.2296,666
667,380.9392,612.6768,634.8984,634.8984,634.8984,634.8984,634.8984,667
668,384.34,618.1472,640.5672,640.5672,640.5672,640.5672,640.5672,668
669,388.592,624.9848,647.6528,647.6528,647.6528,647.6528,647.6528,669
670,391.9928,630.4552,653.3216,653.3216,653.3216,653.3216,653.3216,670
671,395.3944,635.9256,658.9904,658.9904,658.9904,658.9904,658.9904,671
672,399.6464,642.764,666.0768,666.0768,666.0768,666.0768,666.0768,672
673,403.0472,648.2344,671.7456,671.7456,671.7456,671.7456,671.7456,673
674,407.2984,655.072,678.8312,678.8312,678.8312,678.8312,678.8312,674
675,410.7,660.5424,684.5,684.5,684.5,684.5,684.5,675
676,414.9512,667.38,691.5856,691.5856,691.5856,691.5856,691.5856,676
677,418.3528,672.8504,697.2544,697.2544,697.2544,697.2544,697.2544,677
678,422.6048,679.6888,704.3408,704.3408,704.3408,704.3408,704.3408,678
679,426.0056,685.1584,710.0088,710.0088,710.0088,710.0088,710.0088,679
680,430.2568,691.9968,717.0952,717.0952,717.0952,717.0952,717.0952,680
681,434.5088,698.8344,724.1808,724.1808,724.1808,724.1808,724.1808,681
682,438.76,705.6728,731.2672,731.2672,731.2672,731.2672,731.2672,682
683,442.1616,711.1432,736.936,736.936,736.936,736.936,736.936,683
684,446.4128,717.9808,744.0216,744.0216,744.0216,744.0216,744.0216,684
685,450.664,724.8184,751.1072,751.1072,751.1072,751.1072,751.1072,685
686,454.916,731.6568,758.1936,758.1936,758.1936,758.1936,758.1936,686
687,459.1672,738.4944,765.2792,765.2792,765.2792,765.2792,765.2792,687
688,463.4192,745.3328,772.3656,772.3656,772.3656,772.3656,772.3656,688
689,467.6704,752.1704,779.4512,779.4512,779.4512,779.4512,779.4512,689
690,471.9224,759.008,786.5368,786.5368,786.5368,786.5368,786.5368,690
691,477.024,767.2136,795.04,795.04,795.04,795.04,795.04,691
692,481.276,774.052,802.1264,802.1264,802.1264,802.1264,802.1264,692
693,485.5272,780.8896,809.212,809.212,809.212,809.212,809.212,693
694,490.6288,789.0952,817.7152,817.7152,817.7152,817.7152,817.7152,694
695,494.8808,795.9328,824.8008,824.8008,824.8008,824.8008,824.8008,695
696,499.132,802.7712,831.8872,831.8872,831.8872,831.8872,831.8872,696
697,504.2344,810.9768,840.3904,840.3904,840.3904,840.3904,840.3904,697
698,508.4856,817.8144,847.476,847.476,847.476,847.476,847.476,698
699,513.5872,826.02,855.9792,855.9792,855.9792,855.9792,855.9792,699
700,518.6896,834.2256,864.4824,864.4824,864.4824,864.4824,864.4824,700
701,522.9408,841.0632,871.568,871.568,871.568,871.568,871.568,701
702,528.0424,849.2688,880.0712,880.0712,880.0712,880.0712,880.0712,702
703,533.1448,857.4744,888.5744,888.5744,888.5744,888.5744,888.5744,703
704,538.2464,865.68,897.0776,897.0776,897.0776,897.0776,897.0776,704
705,543.3488,873.8856,905.5808,905.5808,905.5808,905.5808,905.5808,705
706,548.4504,882.0912,914.084,914.084,914.084,914.084,914.084,706
707,553.552,890.296,922.5864,922.5864,922.5864,922.5864,922.5864,707
708,558.6536,898.5016,931.0896,931.0896,931.0896,931.0896,931.0896,708
709,563.756,906.7072,939.5928,939.5928,939.5928,939.5928,939.5928,709
710,568.8576,914.9128,948.096,948.096,948.096,948.096,948.096,710
711,573.9592,923.1184,956.5992,956.5992,956.5992,956.5992,956.5992,711
712,579.9112,932.6912,966.5192,966.5192,966.5192,966.5192,966.5192,712
713,585.0136,940.8968,975.0224,975.0224,975.0224,975.0224,975.0224,713
714,590.9656,950.4704,984.9432,984.9432,984.9432,984.9432,984.9432,714
715,596.0672,958.6752,993.4456,993.4456,993.4456,993.4456,993.4456,715
716,602.02,968.2488,1003.3664,1003.3664,1003.3664,1003.3664,1003.3664,716
717,607.1216,976.4544,1011.8696,1011.8696,1011.8696,1011.8696,1011.8696,717
718,613.0736,986.0272,1021.7896,1021.7896,1021.7896,1021.7896,1021.7896,718
719,619.0256,995.6,1031.7096,1031.7096,1031.7096,1031.7096,1031.7096,719
720,624.9784,1005.1736,1041.6304,1041.6304,1041.6304,1041.6304,1041.6304,720
721,630.08,1013.3792,1050.1335,1050.1335,1050.1335,1050.1335,1050.1335,721
722,636.032,1022.952,1060.0536,1060.0536,1060.0536,1060.0536,1060.0536,722
723,641.984,1032.5248,1069.9736,1069.9736,1069.9736,1069.9736,1069.9736,723
724,647.9368,1042.0984,1079.8944,1079.8944,1079.8944,1079.8944,1079.8944,724
725,654.7392,1053.0392,1091.232,1091.232,1091.232,1091.232,1091.232,725
726,660.6912,1062.612,1101.152,1101.152,1101.152,1101.152,1101.152,726
727,666.6432,1072.1848,1111.072,1111.072,1111.072,1111.072,1111.072,727
728,672.596,1081.7584,1120.9928,1120.9928,1120.9928,1120.9928,1120.9928,728
729,679.3984,1092.6992,1132.3304,1132.3304,1132.3304,1132.3304,1132.3304,729
730,685.3504,1102.272,1142.2504,1142.2504,1142.2504,1142.2504,1142.2504,730
731,692.1528,1113.2128,1153.588,1153.588,1153.588,1153.588,1153.588,731
732,698.1048,1122.7856,1163.508,1163.508,1163.508,1163.508,1163.508,732
733,704.9072,1133.7264,1174.8456,1174.8456,1174.8456,1174.8456,1174.8456,733
734,711.7096,1144.6664,1186.1832,1186.1832,1186.1832,1186.1832,1186.1832,734
735,718.5128,1155.6072,1197.5208,1197.5208,1197.5208,1197.5208,1197.5208,735
736,725.3144,1166.5472,1208.8575,1208.8575,1208.8575,1208.8575,1208.8575,736
737,732.1168,1177.488,1220.1952,1220.1952,1220.1952,1220.1952,1220.1952,737
738,738.92,1188.4288,1231.5328,1231.5328,1231.5328,1231.5328,1231.5328,738
739,745.7224,1199.3696,1242.8704,1242.8704,1242.8704,1242.8704,1242.8704,739
740,752.5248,1210.3104,1254.208,1254.208,1254.208,1254.208,1254.208,740
741,759.3272,1221.2512,1265.5457,1265.5457,1265.5457,1265.5457,1265.5457,741
742,766.98,1233.5592,1278.3,1278.3,1278.3,1278.3,1278.3,742
743,773.7824,1244.5,1289.6376,1289.6376,1289.6376,1289.6376,1289.6376,743
744,781.4352,1256.808,1302.392,1302.392,1302.392,1302.392,1302.392,744
745,788.2376,1267.7488,1313.7296,1313.7296,1313.7296,1313.7296,1313.7296,745
746,795.8904,1280.0568,1326.484,1326.484,1326.484,1326.484,1326.484,746
747,803.5432,1292.3656,1339.2393,1339.2393,1339.2393,1339.2393,1339.2393,747
748,811.196,1304.6736,1351.9937,1351.9937,1351.9937,1351.9937,1351.9937,748
749,817.9984,1315.6144,1363.3312,1363.3312,1363.3312,1363.3312,1363.3312,749
750,825.6512,1327.9224,1376.0856,1376.0856,1376.0856,1376.0856,1376.0856,750
751,834.1544,1341.5984,1390.2576,1390.2576,1390.2576,1390.2576,1390.2576,751
752,841.8072,1353.9064,1403.012,1403.012,1403.012,1403.012,1403.012,752
753,849.46,1366.2152,1415.7672,1415.7672,1415.7672,1415.7672,1415.7672,753
754,857.1128,1378.5232,1428.5216,1428.5216,1428.5216,1428.5216,1428.5216,754
755,865.616,1392.1992,1442.6936,1442.6936,1442.6936,1442.6936,1442.6936,755
756,873.2688,1404.5072,1455.448,1455.448,1455.448,1455.448,1455.448,756
757,881.772,1418.1832,1469.62,1469.62,1469.62,1469.62,1469.62,757
758,890.2752,1431.8593,1483.792,1483.792,1483.792,1483.792,1483.792,758
759,897.928,1444.1672,1496.5464,1496.5464,1496.5464,1496.5464,1496.5464,759
760,906.4312,1457.8431,1510.7184,1510.7184,1510.7184,1510.7184,1510.7184,760
761,914.9336,1471.5184,1524.8896,1524.8896,1524.8896,1524.8896,1524.8896,761
762,923.4368,1485.1945,1539.0616,1539.0616,1539.0616,1539.0616,1539.0616,762
763,932.7904,1500.2384,1554.6512,1554.6512,1554.6512,1554.6512,1554.6512,763
764,941.2936,1513.9136,1568.8224,1568.8224,1568.8224,1568.8224,1568.8224,764
765,949.7968,1527.5896,1582.9944,1582.9944,1582.9944,1582.9944,1582.9944,765
766,959.1496,1542.6328,1598.5833,1598.5833,1598.5833,1598.5833,1598.5833,766
767,967.6528,1556.3088,1612.7552,1612.7552,1612.7552,1612.7552,1612.7552,767
768,977.0072,1571.3528,1628.3448,1628.3448,1628.3448,1628.3448,1628.3448,768
769,986.36,1586.396,1643.9336,1643.9336,1643.9336,1643.9336,1643.9336,769
770,994.8632,1600.072,1658.1056,1658.1056,1658.1056,1658.1056,1658.1056,770
771,1004.2168,1615.1152,1673.6945,1673.6945,1673.6945,1673.6945,1673.6945,771
772,1013.5696,1630.1584,1689.2832,1689.2832,1689.2832,1689.2832,1689.2832,772
773,1023.7736,1646.5696,1706.2896,1706.2896,1706.2896,1706.2896,1706.2896,773
774,1033.1272,1661.6128,1721.8784,1721.8784,1721.8784,1721.8784,1721.8784,774
775,1042.48,1676.656,1737.4672,1737.4672,1737.4672,1737.4672,1737.4672,775
776,1052.684,1693.0673,1754.4736,1754.4736,1754.4736,1754.4736,1754.4736,776
777,1062.0376,1708.1112,1770.0632,1770.0632,1770.0632,1770.0632,1770.0632,777
778,1072.2416,1724.5216,1787.0688,1787.0688,1787.0688,1787.0688,1787.0688,778
779,1082.4448,1740.9327,1804.0752,1804.0752,1804.0752,1804.0752,1804.0752,779
780,1092.6488,1757.344,1821.0815,1821.0815,1821.0815,1821.0815,1821.0815,780
781,1102.8528,1773.7552,1838.088,1838.088,1838.088,1838.088,1838.088,781
782,1113.056,1790.1656,1855.0936,1855.0936,1855.0936,1855.0936,1855.0936,782
783,1123.26,1806.5768,1872.1,1872.1,1872.1,1872.1,1872.1,783
784,1134.3136,1824.3552,1890.5232,1890.5232,1890.5232,1890.5232,1890.5232,784
785,1144.5176,1840.7664,1907.5295,1907.5295,1907.5295,1907.5295,1907.5295,785
786,1155.572,1858.5448,1925.9528,1925.9528,1925.9528,1925.9528,1925.9528,786
787,1165.7751,1874.956,1942.9592,1942.9592,1942.9592,1942.9592,1942.9592,787
788,1176.8296,1892.7344,1961.3824,1961.3824,1961.3824,1961.3824,1961.3824,788
789,1187.884,1910.5128,1979.8064,1979.8064,1979.8064,1979.8064,1979.8064,789
790,1198.9376,1928.2913,1998.2296,1998.2296,1998.2296,1998.2296,1998.2296,790
791,1209.992,1946.0696,2016.6528,2016.6528,2016.6528,2016.6528,2016.6528,791
792,1221.896,1965.216,2036.4937,2036.4937,2036.4937,2036.4937,2036.4937,792
793,1232.9504,1982.9944,2054.9167,2054.9167,2054.9167,2054.9167,2054.9167,793
794,1244.8544,2002.1407,2074.7576,2074.7576,2074.7576,2074.7576,2074.7576,794
795,1255.9088,2019.9192,2093.181,2093.181,2093.181,2093.181,2093.181,795
796,1267.8127,2039.0656,2113.0215,2113.0215,2113.0215,2113.0215,2113.0215,796
797,1279.7168,2058.2112,2132.8616,2132.8616,2132.8616,2132.8616,2132.8616,797
798,1291.6216,2077.3577,2152.7024,2152.7024,2152.7024,2152.7024,2152.7024,798
799,1304.376,2097.871,2173.96,2173.96,2173.96,2173.96,2173.96,799
800,1316.2808,2117.0176,2193.8008,2193.8008,2193.8008,2193.8008,2193.8008,800
801,1328.1848,2136.164,2213.6416,2213.6416,2213.6416,2213.6416,2213.6416,801
802,1340.9392,2156.6775,2234.8992,2234.8992,2234.8992,2234.8992,2234.8992,802
803,1353.6945,2177.1912,2256.1567,2256.1567,2256.1567,2256.1567,2256.1567,803
804,1366.4489,2197.7048,2277.4143,2277.4143,2277.4143,2277.4143,2277.4143,804
805,1379.204,2218.2192,2298.6729,2298.6729,2298.6729,2298.6729,2298.6729,805
806,1391.9584,2238.733,2319.9304,2319.9304,2319.9304,2319.9304,2319.9304,806
807,1404.7128,2259.2463,2341.188,2341.188,2341.188,2341.188,2341.188,807
808,1418.3176,2281.128,2363.8633,2363.8633,2363.8633,2363.8633,2363.8633,808
809,1431.0728,2301.6416,2385.1208,2385.1208,2385.1208,2385.1208,2385.1208,809
810,1444.6776,2323.5232,2407.796,2407.796,2407.796,2407.796,2407.796,810
811,1458.2823,2345.404,2430.4705,2430.4705,2430.4705,2430.4705,2430.4705,811
812,1471.8872,2367.2856,2453.1455,2453.1455,2453.1455,2453.1455,2453.1455,812
813,1485.4928,2389.1672,2475.8208,2475.8208,2475.8208,2475.8208,2475.8208,813
814,1499.948,2412.416,2499.9128,2499.9128,2499.9128,2499.9128,2499.9128,814
815,1513.552,2434.2969,2522.5872,2522.5872,2522.5872,2522.5872,2522.5872,815
816,1528.008,2457.5464,2546.68,2546.68,2546.68,2546.68,2546.68,816
817,1542.4633,2480.7952,2570.772,2570.772,2570.772,2570.772,2570.772,817
818,1556.9185,2504.044,2594.864,2594.864,2594.864,2594.864,2594.864,818
819,1571.3737,2527.2927,2618.956,2618.956,2618.956,2618.956,2618.956,819
820,1585.8289,2550.5415,2643.048,2643.048,2643.048,2643.048,2643.048,820
821,1600.284,2573.7903,2667.14,2667.14,2667.14,2667.14,2667.14,821
822,1615.5896,2598.4072,2692.6497,2692.6497,2692.6497,2692.6497,2692.6497,822
823,1630.8951,2623.024,2718.1592,2718.1592,2718.1592,2718.1592,2718.1592,823
824,1646.2008,2647.64,2743.668,2743.668,2743.668,2743.668,2743.668,824
825,1661.5063,2672.256,2769.1775,2769.1775,2769.1775,2769.1775,2769.1775,825
826,1676.812,2696.8728,2794.6873,2794.6873,2794.6873,2794.6873,2794.6873,826
827,1692.968,2722.8567,2821.6135,2821.6135,2821.6135,2821.6135,2821.6135,827
828,1708.2736,2747.473,2847.1223,2847.1223,2847.1223,2847.1223,2847.1223,828
829,1724.4296,2773.4568,2874.0488,2874.0488,2874.0488,2874.0488,2874.0488,829
830,1740.5856,2799.4417,2900.976,2900.976,2900.976,2900.976,2900.976,830
831,1756.7416,2825.4255,2927.9023,2927.9023,2927.9023,2927.9023,2927.9023,831
832,1773.7472,2852.7769,2956.2456,2956.2456,2956.2456,2956.2456,2956.2456,832
833,1789.9032,2878.7607,2983.172,2983.172,2983.172,2983.172,2983.172,833
834,1806.9095,2906.1128,3011.516,3011.516,3011.516,3011.516,3011.516,834
835,1823.916,2933.4648,3039.86,3039.86,3039.86,3039.86,3039.86,835
836,1840.9216,2960.816,3068.2031,3068.2031,3068.2031,3068.2031,3068.2031,836
837,1857.928,2988.168,3096.547,3096.547,3096.547,3096.547,3096.547,837
838,1875.7848,3016.8872,3126.308,3126.308,3126.308,3126.308,3126.308,838
839,1892.7904,3044.2383,3154.6511,3154.6511,3154.6511,3154.6511,3154.6511,839
840,1910.648,3072.9585,3184.4128,3184.4128,3184.4128,3184.4128,3184.4128,840
841,1928.504,3101.6775,3214.1736,3214.1736,3214.1736,3214.1736,3214.1736,841
842,1946.3608,3130.3967,3243.9343,3243.9343,3243.9343,3243.9343,3243.9343,842
843,1965.0673,3160.4832,3275.112,3275.112,3275.112,3275.112,3275.112,843
844,1982.924,3189.2024,3304.8728,3304.8728,3304.8728,3304.8728,3304.8728,844
845,2001.6304,3219.2896,3336.0513,3336.0513,3336.0513,3336.0513,3336.0513,845
846,2020.3376,3249.376,3367.2288,3367.2288,3367.2288,3367.2288,3367.2288,846
847,2039.044,3279.4631,3398.4072,3398.4072,3398.4072,3398.4072,3398.4072,847
848,2058.6016,3310.9175,3431.0024,3431.0024,3431.0024,3431.0024,3431.0024,848
849,2078.1584,3342.372,3463.5977,3463.5977,3463.5977,3463.5977,3463.5977,849
850,2096.8655,3372.4592,3494.776,3494.776,3494.776,3494.776,3494.776,850
851,2117.2727,3405.2808,3528.788,3528.788,3528.788,3528.788,3528.788,851
852,2136.8296,3436.7344,3561.3833,3561.3833,3561.3833,3561.3833,3561.3833,852
853,2156.3872,3468.1887,3593.9785,3593.9785,3593.9785,3593.9785,3593.9785,853
854,2176.7944,3501.0112,3627.9912,3627.9912,3627.9912,3627.9912,3627.9912,854
855,2197.2017,3533.8328,3662.0032,3662.0032,3662.0032,3662.0032,3662.0032,855
856,2217.6096,3566.6553,3696.016,3696.016,3696.016,3696.016,3696.016,856
857,2238.8672,3600.8447,3731.4456,3731.4456,3731.4456,3731.4456,3731.4456,857
858,2259.2744,3633.6665,3765.4575,3765.4575,3765.4575,3765.4575,3765.4575,858
859,2280.532,3667.856,3800.8872,3800.8872,3800.8872,3800.8872,3800.8872,859
860,2301.7903,3702.0457,3836.317,3836.317,3836.317,3836.317,3836.317,860
861,2323.8984,3737.6033,3873.164,3873.164,3873.164,3873.164,3873.164,861
862,2345.156,3771.7927,3908.5935,3908.5935,3908.5935,3908.5935,3908.5935,862
863,2367.264,3807.3496,3945.44,3945.44,3945.44,3945.44,3945.44,863
864,2389.372,3842.9072,3982.287,3982.287,3982.287,3982.287,3982.287,864
865,2411.48,3878.464,4019.1335,4019.1335,4019.1335,4019.1335,4019.1335,865
866,2434.4385,3915.389,4057.3977,4057.3977,4057.3977,4057.3977,4057.3977,866
867,2457.3967,3952.3137,4095.6616,4095.6616,4095.6616,4095.6616,4095.6616,867
868,2480.3552,3989.2383,4133.926,4133.926,4133.926,4133.926,4133.926,868
869,2503.3137,4026.163,4172.1895,4172.1895,4172.1895,4172.1895,4172.1895,869
870,2527.1223,4064.456,4211.871,4211.871,4211.871,4211.871,4211.871,870
871,2550.9312,4102.748,4251.552,4251.552,4251.552,4251.552,4251.552,871
872,2574.74,4141.04,4291.233,4291.233,4291.233,4291.233,4291.233,872
873,2598.5488,4179.332,4330.9146,4330.9146,4330.9146,4330.9146,4330.9146,873
874,2623.208,4218.992,4372.0127,4372.0127,4372.0127,4372.0127,4372.0127,874
875,2647.016,4257.284,4411.6934,4411.6934,4411.6934,4411.6934,4411.6934,875
876,2672.5256,4298.312,4454.2095,4454.2095,4454.2095,4454.2095,4454.2095,876
877,2697.1848,4337.972,4495.308,4495.308,4495.308,4495.308,4495.308,877
878,2722.6936,4378.999,4537.823,4537.823,4537.823,4537.823,4537.823,878
879,2748.2031,4420.0264,4580.3384,4580.3384,4580.3384,4580.3384,4580.3384,879
880,2773.713,4461.054,4622.8545,4622.8545,4622.8545,4622.8545,4622.8545,880
881,2799.2217,4502.0815,4665.3696,4665.3696,4665.3696,4665.3696,4665.3696,881
882,2825.5815,4544.4766,4709.3022,4709.3022,4709.3022,4709.3022,4709.3022,882
883,2851.941,4586.872,4753.2354,4753.2354,4753.2354,4753.2354,4753.2354,883
884,2879.1511,4630.6343,4798.585,4798.585,4798.585,4798.585,4798.585,884
885,2905.5105,4673.03,4842.5176,4842.5176,4842.5176,4842.5176,4842.5176,885
886,2932.7207,4716.793,4887.868,4887.868,4887.868,4887.868,4887.868,886
887,2960.7808,4761.9224,4934.6343,4934.6343,4934.6343,4934.6343,4934.6343,887
888,2987.9912,4805.6855,4979.985,4979.985,4979.985,4979.985,4979.985,888
889,3016.0513,4850.816,5026.752,5026.752,5026.752,5026.752,5026.752,889
890,3044.111,4895.946,5073.5186,5073.5186,5073.5186,5073.5186,5073.5186,890
891,3073.0215,4942.4434,5121.703,5121.703,5121.703,5121.703,5121.703,891
892,3101.932,4988.941,5169.887,5169.887,5169.887,5169.887,5169.887,892
893,3130.8423,5035.4385,5218.0713,5218.0713,5218.0713,5218.0713,5218.0713,893
894,3159.7537,5081.937,5266.256,5266.256,5266.256,5266.256,5266.256,894
895,3189.5144,5129.802,5315.857,5315.857,5315.857,5315.857,5315.857,895
896,3219.2751,5177.667,5365.4585,5365.4585,5365.4585,5365.4585,5365.4585,896
897,3249.8865,5226.901,5416.4775,5416.4775,5416.4775,5416.4775,5416.4775,897
898,3280.4976,5276.134,5467.496,5467.496,5467.496,5467.496,5467.496,898
899,3311.109,5325.366,5518.514,5518.514,5518.514,5518.514,5518.514,899
900,3341.72,5374.599,5569.5327,5569.5327,5569.5327,5569.5327,5569.5327,900
901,3373.1816,5425.2,5621.9688,5621.9688,5621.9688,5621.9688,5621.9688,901
902,3404.6433,5475.801,5674.405,5674.405,5674.405,5674.405,5674.405,902
903,3436.9543,5527.769,5728.258,5728.258,5728.258,5728.258,5728.258,903
904,3468.416,5578.3696,5780.6934,5780.6934,5780.6934,5780.6934,5780.6934,904
905,3501.5784,5631.7056,5835.964,5835.964,5835.964,5835.964,5835.964,905
906,3533.8904,5683.674,5889.817,5889.817,5889.817,5889.817,5889.817,906
907,3567.052,5737.009,5945.0874,5945.0874,5945.0874,5945.0874,5945.0874,907
908,3600.2144,5790.344,6000.357,6000.357,6000.357,6000.357,6000.357,908
909,3634.2273,5845.048,6057.045,6057.045,6057.045,6057.045,6057.045,909
910,3668.2393,5899.751,6113.732,6113.732,6113.732,6113.732,6113.732,910
911,3702.2512,5954.4546,6170.4194,6170.4194,6170.4194,6170.4194,6170.4194,911
912,3737.1145,6010.5254,6228.524,6228.524,6228.524,6228.524,6228.524,912
913,3771.9768,6066.596,6286.628,6286.628,6286.628,6286.628,6286.628,913
914,3807.6897,6124.034,6346.1494,6346.1494,6346.1494,6346.1494,6346.1494,914
915,3843.4033,6181.4736,6405.672,6405.672,6405.672,6405.672,6405.672,915
916,3879.116,6238.912,6465.1934,6465.1934,6465.1934,6465.1934,6465.1934,916
917,3915.6792,6297.718,6526.132,6526.132,6526.132,6526.132,6526.132,917
918,3952.2424,6356.524,6587.0713,6587.0713,6587.0713,6587.0713,6587.0713,918
919,3988.8064,6415.3306,6648.0103,6648.0103,6648.0103,6648.0103,6648.0103,919
920,4026.22,6475.5034,6710.366,6710.366,6710.366,6710.366,6710.366,920
921,4063.6335,6535.677,6772.722,6772.722,6772.722,6772.722,6772.722,921
922,4101.8975,6597.2183,6836.496,6836.496,6836.496,6836.496,6836.496,922
923,4140.1616,6658.7593,6900.269,6900.269,6900.269,6900.269,6900.269,923
924,4179.2754,6721.668,6965.459,6965.459,6965.459,6965.459,6965.459,924
925,4218.3896,6784.5767,7030.6494,7030.6494,7030.6494,7030.6494,7030.6494,925
926,4257.504,6847.486,7095.84,7095.84,7095.84,7095.84,7095.84,926
927,4297.4688,6911.762,7162.448,7162.448,7162.448,7162.448,7162.448,927
928,4338.284,6977.4062,7230.4727,7230.4727,7230.4727,7230.4727,7230.4727,928
929,4378.249,7041.683,7297.0806,7297.0806,7297.0806,7297.0806,7297.0806,929
930,4419.9136,7108.6943,7366.5225,7366.5225,7366.5225,7366.5225,7366.5225,930
931,4460.728,7174.3384,7434.5474,7434.5474,7434.5474,7434.5474,7434.5474,931
932,4502.3936,7241.3496,7503.9897,7503.9897,7503.9897,7503.9897,7503.9897,932
933,4544.9097,7309.729,7574.8486,7574.8486,7574.8486,7574.8486,7574.8486,933
934,4587.425,7378.108,7645.708,7645.708,7645.708,7645.708,7645.708,934
935,4629.94,7446.4873,7716.5674,7716.5674,7716.5674,7716.5674,7716.5674,935
936,4673.3057,7516.2334,7788.8433,7788.8433,7788.8433,7788.8433,7788.8433,936
937,4717.5225,7587.348,7862.5366,7862.5366,7862.5366,7862.5366,7862.5366,937
938,4761.7383,7658.4624,7936.2305,7936.2305,7936.2305,7936.2305,7936.2305,938
939,4805.9546,7729.5767,8009.924,8009.924,8009.924,8009.924,8009.924,939
940,4851.021,7802.0586,8085.034,8085.034,8085.034,8085.034,8085.034,940
941,4896.9375,7875.908,8161.5625,8161.5625,8161.5625,8161.5625,8161.5625,941
942,4942.004,7948.3906,8236.674,8236.674,8236.674,8236.674,8236.674,942
943,4988.771,8023.6064,8314.618,8314.618,8314.618,8314.618,8314.618,943
944,5035.5386,8098.824,8392.564,8392.564,8392.564,8392.564,8392.564,944
945,5082.3057,8174.041,8470.509,8470.509,8470.509,8470.509,8470.509,945
946,5129.9224,8250.626,8549.871,8549.871,8549.871,8549.871,8549.871,946
947,5178.3906,8328.577,8630.65,8630.65,8630.65,8630.65,8630.65,947
948,5226.8584,8406.53,8711.431,8711.431,8711.431,8711.431,8711.431,948
949,5275.3257,8484.482,8792.21,8792.21,8792.21,8792.21,8792.21,949
950,5324.644,8563.803,8874.406,8874.406,8874.406,8874.406,8874.406,950
951,5374.812,8644.489,8958.02,8958.02,8958.02,8958.02,8958.02,951
952,5424.98,8725.177,9041.634,9041.634,9041.634,9041.634,9041.634,952
953,5475.999,8807.231,9126.665,9126.665,9126.665,9126.665,9126.665,953
954,5527.0176,8889.286,9211.696,9211.696,9211.696,9211.696,9211.696,954
955,5578.886,8972.709,9298.144,9298.144,9298.144,9298.144,9298.144,955
956,5630.756,9056.132,9384.593,9384.593,9384.593,9384.593,9384.593,956
957,5683.4746,9140.922,9472.458,9472.458,9472.458,9472.458,9472.458,957
958,5737.045,9227.08,9561.741,9561.741,9561.741,9561.741,9561.741,958
959,5790.614,9313.237,9651.023,9651.023,9651.023,9651.023,9651.023,959
960,5845.0337,9400.764,9741.724,9741.724,9741.724,9741.724,9741.724,960
961,5899.4536,9488.288,9832.423,9832.423,9832.423,9832.423,9832.423,961
962,5954.723,9577.18,9924.539,9924.539,9924.539,9924.539,9924.539,962
963,6010.844,9667.44,10018.073,10018.073,10018.073,10018.073,10018.073,963
964,6066.965,9757.701,10111.608,10111.608,10111.608,10111.608,10111.608,964
965,6123.935,9849.33,10206.56,10206.56,10206.56,10206.56,10206.56,965
966,6180.9062,9940.958,10301.511,10301.511,10301.511,10301.511,10301.511,966
967,6238.727,10033.953,10397.879,10397.879,10397.879,10397.879,10397.879,967
968,6297.3994,10128.316,10495.665,10495.665,10495.665,10495.665,10495.665,968
969,6356.0703,10222.68,10593.45,10593.45,10593.45,10593.45,10593.45,969
970,6415.592,10318.41,10692.653,10692.653,10692.653,10692.653,10692.653,970
971,6475.964,10415.509,10793.273,10793.273,10793.273,10793.273,10793.273,971
972,6536.336,10512.607,10893.894,10893.894,10893.894,10893.894,10893.894,972
973,6597.5586,10611.073,10995.931,10995.931,10995.931,10995.931,10995.931,973
974,6659.6313,10710.906,11099.385,11099.385,11099.385,11099.385,11099.385,974
975,6721.703,10810.74,11202.839,11202.839,11202.839,11202.839,11202.839,975
976,6784.6265,10911.941,11307.711,11307.711,11307.711,11307.711,11307.711,976
977,6848.4,11014.511,11414,11414,11414,11414,11414,977
978,6912.174,11117.078,11520.289,11520.289,11520.289,11520.289,11520.289,978
979,6976.797,11221.015,11627.994,11627.994,11627.994,11627.994,11627.994,979
980,7042.2705,11326.318,11737.117,11737.117,11737.117,11737.117,11737.117,980
981,7107.7446,11431.622,11846.241,11846.241,11846.241,11846.241,11846.241,981
982,7174.9194,11539.661,11958.198,11958.198,11958.198,11958.198,11958.198,982
983,7242.0938,11647.701,12070.156,12070.156,12070.156,12070.156,12070.156,983
984,7309.268,11755.74,12182.113,12182.113,12182.113,12182.113,12182.113,984
985,7378.143,11866.514,12296.905,12296.905,12296.905,12296.905,12296.905,985
986,7447.0186,11977.288,12411.697,12411.697,12411.697,12411.697,12411.697,986
987,7516.744,12089.43,12527.906,12527.906,12527.906,12527.906,12527.906,987
988,7587.32,12202.939,12645.533,12645.533,12645.533,12645.533,12645.533,988
989,7657.895,12316.449,12763.159,12763.159,12763.159,12763.159,12763.159,989
990,7730.172,12432.693,12883.62,12883.62,12883.62,12883.62,12883.62,990
991,7802.448,12548.938,13004.08,13004.08,13004.08,13004.08,13004.08,991
992,7875.575,12666.55,13125.958,13125.958,13125.958,13125.958,13125.958,992
993,7948.7017,12784.161,13247.836,13247.836,13247.836,13247.836,13247.836,993
994,8023.529,12904.509,13372.548,13372.548,13372.548,13372.548,13372.548,994
995,8098.357,13024.856,13497.261,13497.261,13497.261,13497.261,13497.261,995
996,8174.0337,13146.571,13623.39,13623.39,13623.39,13623.39,13623.39,996
997,8250.562,13269.653,13750.936,13750.936,13750.936,13750.936,13750.936,997
998,8327.94,13394.104,13879.9,13879.9,13879.9,13879.9,13879.9,998
999,8406.169,13519.921,14010.281,14010.281,14010.281,14010.281,14010.281,999
1000,8484.396,13645.738,14140.661,14140.661,14140.661,14140.661,14140.661,1000
